Suburb/Town Name,Postcode,Local Government Area,2013,2014,2015,2016,2017,2018,2019,2020,2021,2022,%_crime_change,crime_quartile,%_property_incr
Mickleham,3064,Hume,0.0,0.0,3.0,0.0,0.0,1.0,0.0,134.0,85.0,19.0,19000.0,4.0,212.21
Fitzroy North,3068,Yarra,0.0,1.0,0.0,3.0,1.0,0.0,2.0,51.0,21.0,10.0,10000.0,4.0,80.33
Braybrook,3019,Maribyrnong,0.0,0.0,0.0,0.0,1.0,0.0,1.0,139.0,26.0,10.0,10000.0,4.0,98.11
Wollert,3750,Whittlesea,0.0,0.0,1.0,0.0,0.0,0.0,0.0,45.0,5.0,10.0,10000.0,4.0,76.25
Thomastown,3074,Whittlesea,0.0,6.0,9.0,0.0,4.0,2.0,14.0,197.0,33.0,8.0,8000.0,4.0,90.26
Bundoora,3083,Whittlesea,0.0,1.0,1.0,5.0,4.0,3.0,6.0,105.0,18.0,7.0,7000.0,4.0,59.72
Parkville,3052,Melbourne,0.0,2.0,3.0,3.0,8.0,1.0,2.0,80.0,28.0,6.0,6000.0,4.0,86.08
Deer Park,3023,Brimbank,0.0,0.0,0.0,1.0,8.0,0.0,5.0,124.0,38.0,5.0,5000.0,4.0,86.21
Caroline Springs,3023,Melton,0.0,1.0,3.0,0.0,1.0,4.0,5.0,119.0,14.0,5.0,5000.0,4.0,68.05
Mernda,3754,Whittlesea,0.0,0.0,1.0,1.0,0.0,1.0,1.0,84.0,14.0,5.0,5000.0,4.0,82.0
Marysville,3779,Murrindindi,0.0,0.0,0.0,0.0,0.0,0.0,0.0,14.0,6.0,4.0,4000.0,4.0,444.44
Bright,3741,Alpine,0.0,2.0,2.0,2.0,0.0,0.0,1.0,5.0,7.0,4.0,4000.0,4.0,276.92
Grovedale,3216,Greater Geelong,0.0,0.0,0.0,2.0,0.0,1.0,0.0,36.0,5.0,4.0,4000.0,4.0,98.44
Nagambie,3608,Strathbogie,0.0,0.0,1.0,18.0,5.0,2.0,3.0,28.0,8.0,4.0,4000.0,4.0,124.0
Tarneit,3029,Wyndham,0.0,1.0,1.0,2.0,4.0,10.0,1.0,183.0,57.0,4.0,4000.0,4.0,73.85
Keilor East,3033,Moonee Valley,0.0,1.0,0.0,1.0,2.0,0.0,0.0,43.0,5.0,4.0,4000.0,4.0,84.38
Derrimut,3026,Brimbank,0.0,0.0,1.0,0.0,0.0,0.0,2.0,28.0,3.0,3.0,3000.0,4.0,79.14
Healesville,3777,Yarra Ranges,0.0,0.0,0.0,1.0,1.0,0.0,0.0,41.0,24.0,3.0,3000.0,4.0,107.52
Heidelberg Heights,3081,Banyule,0.0,1.0,5.0,0.0,2.0,1.0,0.0,58.0,7.0,3.0,3000.0,4.0,77.54
Kensington,3031,Melbourne,0.0,4.0,2.0,4.0,4.0,11.0,0.0,106.0,11.0,3.0,3000.0,4.0,76.67
Fraser Rise,3336,Melton,0.0,1.0,0.0,0.0,0.0,0.0,1.0,15.0,6.0,3.0,3000.0,4.0,55.16
Kyabram,3620,Campaspe,0.0,1.0,6.0,0.0,0.0,1.0,1.0,58.0,12.0,3.0,3000.0,4.0,66.67
Port Melbourne,3207,Port Phillip,1.0,6.0,10.0,11.0,3.0,1.0,13.0,132.0,52.0,24.0,2090.91,4.0,62.56
Croydon North,3136,Maroondah,0.0,0.0,0.0,0.0,0.0,0.0,0.0,13.0,0.0,2.0,2000.0,4.0,119.8
East Warburton,3799,Yarra Ranges,0.0,0.0,0.0,0.0,0.0,0.0,0.0,4.0,0.0,2.0,2000.0,4.0,80.66
Hampton East,3188,Bayside,0.0,0.0,1.0,0.0,0.0,0.0,0.0,52.0,1.0,2.0,2000.0,4.0,94.81
Eildon,3713,Murrindindi,0.0,14.0,10.0,3.0,5.0,4.0,8.0,3.0,9.0,2.0,2000.0,4.0,128.57
Hampton Park,3976,Casey,0.0,1.0,2.0,0.0,1.0,0.0,1.0,141.0,19.0,2.0,2000.0,4.0,100.0
Wantirna,3152,Knox,0.0,2.0,1.0,0.0,0.0,2.0,0.0,30.0,8.0,2.0,2000.0,4.0,91.84
Elmore,3558,Greater Bendigo,0.0,0.0,1.0,1.0,0.0,0.0,1.0,3.0,2.0,2.0,2000.0,4.0,125.54
Harkness,3337,Melton,0.0,0.0,0.0,0.0,0.0,0.0,0.0,68.0,2.0,2.0,2000.0,4.0,78.79
Warrandyte,3113,Manningham,0.0,0.0,1.0,0.0,0.0,1.0,1.0,8.0,0.0,2.0,2000.0,4.0,106.25
Flinders,3929,Mornington Peninsula,0.0,0.0,0.0,0.0,0.0,0.0,0.0,17.0,0.0,2.0,2000.0,4.0,402.61
Tallangatta,3701,Towong,0.0,0.0,0.0,0.0,0.0,0.0,0.0,0.0,0.0,2.0,2000.0,4.0,180.52
Romsey,3434,Macedon Ranges,0.0,5.0,0.0,0.0,1.0,0.0,2.0,17.0,12.0,2.0,2000.0,4.0,99.35
Balwyn,3103,Boroondara,0.0,0.0,0.0,0.0,0.0,0.0,1.0,20.0,2.0,2.0,2000.0,4.0,77.55
Scoresby,3179,Knox,0.0,1.0,0.0,2.0,0.0,0.0,0.0,23.0,0.0,2.0,2000.0,4.0,93.03
Westmeadows,3049,Hume,0.0,1.0,3.0,1.0,2.0,0.0,0.0,48.0,9.0,2.0,2000.0,4.0,68.18
Ivanhoe,3079,Banyule,0.0,9.0,1.0,2.0,0.0,2.0,2.0,11.0,2.0,2.0,2000.0,4.0,75.23
Wyndham Vale,3024,Wyndham,0.0,0.0,1.0,0.0,0.0,0.0,0.0,64.0,7.0,2.0,2000.0,4.0,99.65
Ashwood,3147,Monash,0.0,0.0,1.0,1.0,0.0,0.0,0.0,78.0,4.0,2.0,2000.0,4.0,81.94
Montrose,3765,Yarra Ranges,0.0,0.0,1.0,0.0,4.0,6.0,1.0,41.0,0.0,2.0,2000.0,4.0,108.99
Mooroopna,3629,Greater Shepparton,0.0,0.0,0.0,1.0,1.0,0.0,0.0,16.0,2.0,2.0,2000.0,4.0,90.6
Mallacoota,3892,East Gippsland,0.0,11.0,0.0,0.0,0.0,0.0,0.0,4.0,1.0,2.0,2000.0,4.0,43.16
Cohuna,3568,Gannawarra,0.0,0.0,0.0,0.0,3.0,0.0,3.0,21.0,4.0,2.0,2000.0,4.0,97.84
Soldiers Hill,3350,Ballarat,0.0,0.0,2.0,9.0,9.0,1.0,1.0,27.0,16.0,2.0,2000.0,4.0,131.45
Melton South,3338,Melton,0.0,1.0,7.0,5.0,3.0,2.0,1.0,119.0,19.0,2.0,2000.0,4.0,132.61
Rutherglen,3685,Indigo,0.0,0.0,0.0,0.0,0.0,0.0,0.0,1.0,0.0,2.0,2000.0,4.0,111.21
Lynbrook,3975,Casey,0.0,3.0,2.0,1.0,2.0,0.0,3.0,21.0,5.0,2.0,2000.0,4.0,87.21
Ardeer,3022,Brimbank,0.0,0.0,0.0,0.0,0.0,2.0,0.0,11.0,3.0,2.0,2000.0,4.0,123.48
Campbellfield,3061,Hume,1.0,8.0,6.0,7.0,2.0,4.0,2.0,75.0,45.0,13.0,1090.91,4.0,92.73
Timboon,3268,Corangamite,0.0,0.0,1.0,0.0,0.0,0.0,0.0,7.0,0.0,1.0,1000.0,4.0,150.0
Elliminyt,3250,Colac-Otway,0.0,0.0,1.0,0.0,2.0,0.0,0.0,21.0,2.0,1.0,1000.0,4.0,94.28
Burnside Heights,3023,Melton,0.0,0.0,0.0,0.0,0.0,1.0,0.0,16.0,8.0,1.0,1000.0,4.0,67.1
St Leonards,3223,Greater Geelong,0.0,0.0,1.0,0.0,0.0,0.0,0.0,25.0,1.0,1.0,1000.0,4.0,124.57
Coburg North,3058,Merri-bek,0.0,1.0,2.0,4.0,3.0,5.0,3.0,52.0,8.0,1.0,1000.0,4.0,100.74
Box Hill South,3128,Whitehorse,0.0,0.0,0.0,0.0,0.0,1.0,0.0,10.0,1.0,1.0,1000.0,4.0,84.46
Toongabbie,3856,Latrobe,0.0,0.0,1.0,0.0,0.0,0.0,0.0,2.0,0.0,1.0,1000.0,4.0,124.36
Carnegie,3163,Glen Eira,0.0,1.0,0.0,1.0,3.0,1.0,2.0,58.0,0.0,1.0,1000.0,4.0,67.63
Elsternwick,3185,Glen Eira,0.0,5.0,0.0,1.0,4.0,3.0,0.0,61.0,2.0,1.0,1000.0,4.0,63.66
Carrum,3197,Kingston,1.0,12.0,5.0,6.0,4.0,10.0,4.0,37.0,11.0,12.0,1000.0,4.0,79.71
Clyde,3978,Casey,0.0,0.0,1.0,0.0,0.0,0.0,0.0,28.0,2.0,1.0,1000.0,4.0,76.32
Doncaster East,3109,Manningham,0.0,1.0,0.0,0.0,1.0,4.0,0.0,41.0,11.0,1.0,1000.0,4.0,99.05
Strathdale,3550,Greater Bendigo,0.0,0.0,0.0,0.0,0.0,0.0,3.0,3.0,0.0,1.0,1000.0,4.0,72.61
Strathfieldsaye,3551,Greater Bendigo,0.0,0.0,0.0,1.0,1.0,0.0,0.0,5.0,6.0,1.0,1000.0,4.0,88.33
Point Lonsdale,3225,Queenscliffe,0.0,0.0,0.0,0.0,0.0,0.0,2.0,1.0,12.0,1.0,1000.0,4.0,112.14
Rowville,3178,Knox,0.0,3.0,6.0,1.0,0.0,3.0,3.0,65.0,15.0,1.0,1000.0,4.0,88.6
Redan,3350,Ballarat,0.0,0.0,0.0,4.0,0.0,0.0,1.0,11.0,1.0,1.0,1000.0,4.0,103.6
Cockatoo,3781,Cardinia,0.0,0.0,0.0,0.0,1.0,0.0,5.0,6.0,1.0,1.0,1000.0,4.0,139.44
Strathtulloh,3338,Melton,0.0,0.0,0.0,1.0,0.0,0.0,0.0,10.0,0.0,1.0,1000.0,4.0,83.57
Brunswick West,3055,Merri-bek,0.0,0.0,0.0,2.0,0.0,0.0,0.0,41.0,12.0,1.0,1000.0,4.0,71.14
Rochester,3561,Campaspe,0.0,0.0,0.0,6.0,1.0,0.0,0.0,2.0,15.0,1.0,1000.0,4.0,103.17
Cremorne,3121,Yarra,0.0,0.0,0.0,2.0,0.0,0.0,0.0,20.0,3.0,1.0,1000.0,4.0,116.5
Leongatha,3953,South Gippsland,0.0,1.0,0.0,1.0,1.0,2.0,0.0,10.0,1.0,1.0,1000.0,4.0,80.0
Darley,3340,Moorabool,0.0,1.0,1.0,1.0,0.0,1.0,4.0,23.0,18.0,1.0,1000.0,4.0,107.26
Essendon West,3040,Moonee Valley,0.0,0.0,0.0,0.0,0.0,0.0,0.0,0.0,0.0,1.0,1000.0,4.0,61.81
Rosanna,3084,Banyule,0.0,0.0,0.0,1.0,5.0,0.0,0.0,18.0,2.0,1.0,1000.0,4.0,74.22
Eltham North,3095,Nillumbik,0.0,0.0,2.0,0.0,0.0,1.0,0.0,2.0,0.0,1.0,1000.0,4.0,67.52
Beveridge,3753,Mitchell,0.0,0.0,1.0,0.0,0.0,0.0,1.0,28.0,11.0,1.0,1000.0,4.0,72.73
Eureka,3350,Ballarat,0.0,0.0,0.0,0.0,0.0,0.0,0.0,12.0,0.0,1.0,1000.0,4.0,119.71
Monbulk,3793,Yarra Ranges,0.0,1.0,0.0,0.0,1.0,0.0,0.0,13.0,1.0,1.0,1000.0,4.0,100.0
Fairfield,3078,Darebin,0.0,4.0,3.0,2.0,4.0,2.0,1.0,26.0,6.0,1.0,1000.0,4.0,68.31
Heatherton,3202,Kingston,0.0,0.0,0.0,0.0,0.0,1.0,1.0,22.0,0.0,1.0,1000.0,4.0,94.05
Herne Hill,3218,Greater Geelong,0.0,0.0,1.0,0.0,0.0,0.0,0.0,0.0,0.0,1.0,1000.0,4.0,124.29
Mount Clear,3350,Ballarat,0.0,0.0,0.0,0.0,0.0,0.0,0.0,0.0,0.0,1.0,1000.0,4.0,105.07
Werribee South,3030,Wyndham,0.0,1.0,0.0,1.0,1.0,0.0,0.0,22.0,13.0,1.0,1000.0,4.0,27.32
Highton,3216,Greater Geelong,0.0,0.0,0.0,1.0,1.0,0.0,0.0,20.0,1.0,1.0,1000.0,4.0,104.19
West Footscray,3012,Maribyrnong,0.0,1.0,1.0,0.0,1.0,0.0,1.0,44.0,6.0,1.0,1000.0,4.0,98.92
Hughesdale,3166,Monash,0.0,2.0,0.0,0.0,0.0,1.0,0.0,19.0,1.0,1.0,1000.0,4.0,98.17
Montmorency,3094,Banyule,0.0,2.0,0.0,0.0,7.0,0.0,2.0,3.0,0.0,1.0,1000.0,4.0,106.14
Kalimna,3909,East Gippsland,0.0,0.0,0.0,0.0,0.0,1.0,0.0,1.0,0.0,1.0,1000.0,4.0,156.09
Hawthorn East,3123,Boroondara,0.0,0.0,0.0,1.0,4.0,1.0,0.0,24.0,7.0,1.0,1000.0,4.0,43.61
Kalkallo,3064,Hume,0.0,0.0,0.0,0.0,0.0,0.0,0.0,182.0,7.0,1.0,1000.0,4.0,41.11
Wonga Park,3115,Manningham,0.0,0.0,1.0,0.0,1.0,0.0,1.0,2.0,1.0,1.0,1000.0,4.0,109.04
Keilor Park,3042,Brimbank,0.0,0.0,0.0,0.0,0.0,0.0,1.0,25.0,0.0,1.0,1000.0,4.0,108.79
Kennington,3550,Greater Bendigo,0.0,0.0,0.0,2.0,0.0,2.0,0.0,17.0,5.0,1.0,1000.0,4.0,69.27
Kialla,3631,Greater Shepparton,0.0,0.0,0.0,0.0,0.0,1.0,2.0,31.0,7.0,1.0,1000.0,4.0,72.92
Albion,3020,Brimbank,0.0,2.0,1.0,4.0,2.0,3.0,2.0,33.0,3.0,1.0,1000.0,4.0,107.12
Knoxfield,3180,Knox,0.0,0.0,0.0,0.0,2.0,1.0,0.0,20.0,5.0,1.0,1000.0,4.0,108.0
Lyndhurst,3975,Casey,0.0,0.0,0.0,0.0,1.0,0.0,0.0,14.0,9.0,1.0,1000.0,4.0,104.09
Lang Lang,3984,Cardinia,0.0,0.0,1.0,0.0,0.0,1.0,0.0,83.0,12.0,1.0,1000.0,4.0,150.0
Barnawartha,3688,Indigo,0.0,0.0,1.0,0.0,0.0,1.0,2.0,1.0,3.0,1.0,1000.0,4.0,65.31
Heathcote,3523,Greater Bendigo,0.0,1.0,2.0,0.0,0.0,0.0,0.0,14.0,6.0,1.0,1000.0,4.0,119.78
Bayswater North,3153,Maroondah,0.0,0.0,1.0,7.0,0.0,0.0,0.0,23.0,0.0,1.0,1000.0,4.0,85.38
Greenvale,3059,Hume,0.0,0.0,2.0,3.0,0.0,0.0,1.0,88.0,12.0,1.0,1000.0,4.0,49.09
Bonbeach,3196,Kingston,0.0,2.0,1.0,0.0,4.0,3.0,6.0,13.0,4.0,1.0,1000.0,4.0,105.34
Fingal,3939,Mornington Peninsula,0.0,0.0,0.0,0.0,0.0,0.0,0.0,2.0,0.0,1.0,1000.0,4.0,146.13
North Bendigo,3550,Greater Bendigo,0.0,1.0,0.0,2.0,1.0,1.0,0.0,3.0,7.0,1.0,1000.0,4.0,91.88
Noble Park North,3174,Greater Dandenong,0.0,0.0,0.0,0.0,1.0,0.0,0.0,37.0,5.0,1.0,1000.0,4.0,106.27
Newstead,3462,Mount Alexander,0.0,0.0,0.0,0.0,0.0,0.0,1.0,0.0,0.0,1.0,1000.0,4.0,105.0
Nerrina,3350,Ballarat,0.0,0.0,3.0,0.0,0.0,0.0,0.0,1.0,0.0,1.0,1000.0,4.0,12.09
Gowanbrae,3043,Merri-bek,0.0,0.0,0.0,1.0,0.0,0.0,0.0,7.0,0.0,1.0,1000.0,4.0,63.83
Mount Eliza,3930,Mornington Peninsula,0.0,0.0,1.0,0.0,0.0,0.0,5.0,36.0,16.0,1.0,1000.0,4.0,135.67
Viewbank,3084,Banyule,0.0,0.0,0.0,0.0,0.0,1.0,1.0,6.0,0.0,1.0,1000.0,4.0,92.86
Murrumbeena,3163,Glen Eira,0.0,3.0,0.0,0.0,0.0,0.0,0.0,8.0,1.0,1.0,1000.0,4.0,101.72
Mount Martha,3934,Mornington Peninsula,0.0,1.0,0.0,0.0,1.0,1.0,2.0,14.0,16.0,1.0,1000.0,4.0,147.42
Beechworth,3747,Indigo,0.0,0.0,0.0,0.0,0.0,0.0,2.0,13.0,1.0,1.0,1000.0,4.0,118.64
South Melbourne,3205,Port Phillip,0.0,2.0,2.0,1.0,2.0,5.0,11.0,414.0,37.0,1.0,1000.0,4.0,75.97
Glenrowan,3675,Wangaratta,1.0,1.0,0.0,0.0,0.0,0.0,0.0,1.0,5.0,7.0,545.45,4.0,124.35
Wallan,3756,Mitchell,1.0,2.0,4.0,4.0,0.0,1.0,7.0,30.0,27.0,7.0,545.45,4.0,83.02
Cheltenham,3192,Kingston,1.0,6.0,8.0,13.0,5.0,6.0,14.0,78.0,24.0,7.0,545.45,4.0,118.49
Ballarat Central,3350,Ballarat,2.0,8.0,23.0,10.0,4.0,8.0,3.0,87.0,11.0,12.0,476.19,4.0,120.5
Greensborough,3088,Banyule,3.0,13.0,2.0,3.0,4.0,2.0,2.0,74.0,6.0,17.0,451.61,4.0,83.52
Safety Beach,3936,Mornington Peninsula,2.0,0.0,4.0,0.0,0.0,0.0,3.0,29.0,6.0,10.0,380.95,4.0,175.73
Keysborough,3173,Greater Dandenong,1.0,2.0,3.0,1.0,2.0,1.0,1.0,81.0,37.0,5.0,363.64,4.0,114.94
Wantirna South,3152,Knox,1.0,1.0,4.0,0.0,2.0,4.0,0.0,65.0,78.0,5.0,363.64,4.0,130.74
East Melbourne,3002,Melbourne,7.0,9.0,12.0,11.0,3.0,5.0,3.0,380.0,180.0,31.0,338.03,4.0,225.14
South Morang,3752,Whittlesea,1.0,8.0,3.0,1.0,0.0,1.0,4.0,51.0,11.0,4.0,272.73,4.0,81.93
Horsham,3400,Horsham,1.0,4.0,12.0,8.0,9.0,8.0,3.0,88.0,35.0,4.0,272.73,4.0,76.74
Hallam,3803,Casey,1.0,1.0,5.0,3.0,0.0,2.0,2.0,57.0,10.0,4.0,272.73,4.0,98.62
Lalor,3075,Whittlesea,1.0,2.0,3.0,1.0,3.0,1.0,4.0,105.0,12.0,4.0,272.73,4.0,98.9
Avondale Heights,3034,Moonee Valley,1.0,1.0,1.0,0.0,2.0,0.0,0.0,13.0,10.0,4.0,272.73,4.0,85.92
Black Rock,3193,Bayside,1.0,0.0,2.0,0.0,1.0,3.0,2.0,19.0,4.0,4.0,272.73,4.0,138.78
Seymour,3660,Mitchell,2.0,5.0,6.0,9.0,1.0,2.0,7.0,85.0,20.0,7.0,238.1,4.0,90.91
Glen Waverley,3150,Monash,2.0,4.0,2.0,4.0,15.0,49.0,4.0,148.0,46.0,7.0,238.1,4.0,102.45
Craigieburn,3064,Hume,3.0,2.0,4.0,7.0,4.0,16.0,5.0,264.0,60.0,9.0,193.55,4.0,85.56
Brunswick,3056,Merri-bek,3.0,2.0,14.0,17.0,10.0,10.0,5.0,141.0,28.0,9.0,193.55,4.0,76.67
Altona North,3025,Hobsons Bay,1.0,2.0,1.0,1.0,1.0,2.0,1.0,124.0,36.0,3.0,181.82,4.0,80.39
Brunswick East,3057,Merri-bek,1.0,8.0,0.0,0.0,0.0,2.0,1.0,28.0,9.0,3.0,181.82,4.0,77.31
Myrtleford,3737,Alpine,1.0,0.0,3.0,2.0,0.0,0.0,2.0,13.0,15.0,3.0,181.82,4.0,183.86
Cobram,3644,Moira,1.0,1.0,2.0,0.0,2.0,1.0,1.0,40.0,19.0,3.0,181.82,4.0,72.02
Glenroy,3046,Merri-bek,1.0,12.0,4.0,9.0,7.0,11.0,4.0,208.0,32.0,3.0,181.82,4.0,79.52
Brooklyn,3012,Hobsons Bay,1.0,0.0,0.0,0.0,0.0,4.0,0.0,24.0,3.0,3.0,181.82,4.0,52.49
Churchill,3842,Latrobe,1.0,2.0,0.0,1.0,1.0,0.0,0.0,21.0,1.0,3.0,181.82,4.0,98.35
Mill Park,3082,Whittlesea,1.0,1.0,7.0,5.0,3.0,6.0,10.0,77.0,12.0,3.0,181.82,4.0,97.43
Williamstown North,3016,Hobsons Bay,1.0,1.0,4.0,1.0,1.0,0.0,0.0,6.0,12.0,3.0,181.82,4.0,109.64
Bairnsdale,3875,East Gippsland,5.0,1.0,2.0,1.0,0.0,7.0,2.0,59.0,34.0,14.0,176.47,4.0,80.85
Preston,3072,Darebin,4.0,20.0,6.0,4.0,8.0,5.0,5.0,334.0,62.0,10.0,146.34,4.0,98.02
Portland,3305,Glenelg,4.0,10.0,5.0,5.0,3.0,3.0,4.0,75.0,17.0,10.0,146.34,4.0,88.72
Bonnie Doon,3720,Mansfield,2.0,1.0,1.0,6.0,2.0,1.0,1.0,5.0,3.0,5.0,142.86,4.0,205.0
Carrum Downs,3201,Frankston,2.0,7.0,0.0,2.0,2.0,1.0,0.0,172.0,29.0,5.0,142.86,4.0,120.61
Mordialloc,3195,Kingston,5.0,6.0,6.0,23.0,8.0,10.0,7.0,86.0,29.0,12.0,137.25,4.0,66.18
Mildura,3500,Mildura,4.0,7.0,25.0,5.0,5.0,15.0,5.0,137.0,120.0,9.0,121.95,4.0,94.9
Northcote,3070,Darebin,4.0,1.0,2.0,10.0,8.0,5.0,8.0,67.0,45.0,9.0,121.95,4.0,89.49
Sale,3852,Wellington,4.0,5.0,20.0,4.0,0.0,7.0,9.0,78.0,30.0,9.0,121.95,4.0,77.59
North Melbourne,3051,Melbourne,4.0,21.0,3.0,4.0,154.0,9.0,2.0,150.0,148.0,8.0,97.56,4.0,46.67
Heidelberg,3084,Banyule,1.0,1.0,3.0,0.0,2.0,2.0,0.0,54.0,13.0,2.0,90.91,4.0,102.59
Officer,3809,Cardinia,1.0,3.0,1.0,0.0,1.0,0.0,0.0,49.0,15.0,2.0,90.91,4.0,110.53
Doncaster,3108,Manningham,1.0,1.0,1.0,0.0,2.0,1.0,1.0,59.0,22.0,2.0,90.91,4.0,85.0
Oak Park,3046,Merri-bek,1.0,0.0,0.0,1.0,0.0,1.0,2.0,36.0,2.0,2.0,90.91,4.0,146.75
Diggers Rest,3427,Melton,1.0,1.0,0.0,0.0,2.0,3.0,0.0,7.0,3.0,2.0,90.91,4.0,134.82
Belgrave,3160,Yarra Ranges,1.0,4.0,5.0,10.0,4.0,1.0,2.0,46.0,6.0,2.0,90.91,4.0,122.68
Swan Hill,3585,Swan Hill,1.0,2.0,13.0,19.0,4.0,14.0,6.0,89.0,70.0,2.0,90.91,4.0,57.56
Cairnlea,3023,Brimbank,1.0,0.0,0.0,0.0,0.0,0.0,0.0,44.0,8.0,2.0,90.91,4.0,62.71
Camberwell,3124,Boroondara,1.0,1.0,0.0,1.0,4.0,4.0,6.0,33.0,15.0,2.0,90.91,4.0,73.88
Golden Square,3555,Greater Bendigo,1.0,1.0,1.0,2.0,0.0,0.0,1.0,28.0,5.0,2.0,90.91,4.0,79.66
Laverton,3028,Hobsons Bay,1.0,0.0,10.0,1.0,1.0,5.0,2.0,46.0,3.0,2.0,90.91,4.0,86.92
Maddingley,3340,Moorabool,1.0,1.0,2.0,4.0,2.0,0.0,0.0,12.0,21.0,2.0,90.91,4.0,95.89
Sorrento,3943,Mornington Peninsula,1.0,4.0,1.0,1.0,2.0,1.0,2.0,15.0,8.0,2.0,90.91,4.0,215.13
Essendon,3040,Moonee Valley,8.0,0.0,3.0,5.0,9.0,16.0,9.0,156.0,53.0,15.0,86.42,4.0,104.94
Fawkner,3060,Merri-bek,5.0,2.0,3.0,0.0,2.0,0.0,2.0,69.0,26.0,9.0,78.43,4.0,98.78
Frankston,3199,Frankston,23.0,27.0,24.0,11.0,12.0,15.0,12.0,718.0,113.0,40.0,73.59,4.0,122.57
Corio,3214,Greater Geelong,3.0,3.0,5.0,4.0,2.0,1.0,7.0,74.0,29.0,5.0,64.52,4.0,127.83
Sunshine,3020,Brimbank,8.0,8.0,6.0,8.0,10.0,18.0,14.0,378.0,60.0,12.0,49.38,4.0,117.24
Reservoir,3073,Darebin,8.0,16.0,7.0,10.0,4.0,5.0,2.0,484.0,69.0,12.0,49.38,4.0,89.41
Traralgon,3844,Latrobe,6.0,13.0,10.0,7.0,9.0,13.0,12.0,141.0,48.0,9.0,49.18,4.0,72.86
Windsor,3181,Stonnington,2.0,1.0,5.0,0.0,4.0,3.0,0.0,206.0,29.0,3.0,47.62,3.0,123.11
Wodonga,3690,Wodonga,2.0,5.0,5.0,3.0,8.0,5.0,3.0,173.0,179.0,3.0,47.62,3.0,73.45
Rosebud,3939,Mornington Peninsula,2.0,2.0,5.0,2.0,2.0,1.0,5.0,210.0,43.0,3.0,47.62,3.0,126.84
Capel Sound,3940,Mornington Peninsula,2.0,2.0,0.0,0.0,0.0,3.0,2.0,27.0,12.0,3.0,47.62,3.0,142.86
Truganina,3029,Wyndham,2.0,0.0,0.0,0.0,0.0,2.0,0.0,100.0,36.0,3.0,47.62,3.0,81.94
Williamstown,3016,Hobsons Bay,2.0,4.0,6.0,21.0,18.0,20.0,9.0,112.0,39.0,3.0,47.62,3.0,71.25
Clayton,3168,Monash,2.0,9.0,2.0,4.0,5.0,7.0,1.0,151.0,26.0,3.0,47.62,3.0,67.83
Rye,3941,Mornington Peninsula,2.0,3.0,3.0,4.0,2.0,4.0,3.0,99.0,25.0,3.0,47.62,3.0,188.24
Stawell,3380,Northern Grampians,2.0,10.0,4.0,4.0,6.0,2.0,0.0,37.0,20.0,3.0,47.62,3.0,97.85
Cowes,3922,Bass Coast,2.0,1.0,3.0,2.0,4.0,2.0,1.0,19.0,12.0,3.0,47.62,3.0,177.27
Benalla,3672,Benalla,2.0,4.0,1.0,13.0,7.0,8.0,6.0,35.0,23.0,3.0,47.62,3.0,82.02
Bacchus Marsh,3340,Moorabool,2.0,5.0,2.0,1.0,0.0,1.0,1.0,244.0,59.0,3.0,47.62,3.0,84.8
Wangaratta,3678,Wangaratta,24.0,7.0,54.0,3.0,2.0,3.0,7.0,100.0,22.0,35.0,45.64,3.0,120.83
Shepparton,3630,Greater Shepparton,12.0,3.0,8.0,5.0,1.0,7.0,6.0,175.0,33.0,17.0,41.32,3.0,63.97
Richmond,3305,Yarra,23.0,10.0,18.0,14.0,10.0,17.0,14.0,535.0,164.0,32.0,38.96,3.0,53.89
Melton,3337,Melton,3.0,6.0,3.0,7.0,1.0,4.0,3.0,215.0,38.0,4.0,32.26,3.0,102.45
Lakes Entrance,3909,East Gippsland,5.0,2.0,10.0,0.0,0.0,2.0,1.0,44.0,18.0,6.0,19.61,3.0,100.37
Lilydale,3140,Yarra Ranges,5.0,8.0,10.0,2.0,1.0,2.0,2.0,114.0,25.0,6.0,19.61,3.0,81.45
Altona,3018,Hobsons Bay,5.0,7.0,6.0,13.0,5.0,2.0,4.0,101.0,43.0,6.0,19.61,3.0,77.04
Morwell,3840,Latrobe,8.0,4.0,6.0,12.0,7.0,6.0,7.0,112.0,12.0,9.0,12.35,3.0,96.88
Lovely Banks,3213,Greater Geelong,0.0,0.0,1.0,0.0,0.0,1.0,0.0,21.0,0.0,0.0,0.0,2.0,111.65
Mount Dandenong,3767,Yarra Ranges,0.0,1.0,1.0,0.0,0.0,1.0,0.0,45.0,4.0,0.0,0.0,2.0,184.44
Waurn Ponds,3216,Greater Geelong,0.0,0.0,0.0,0.0,0.0,0.0,0.0,8.0,3.0,0.0,0.0,2.0,80.85
Weir Views,3338,Melton,0.0,0.0,0.0,0.0,0.0,0.0,0.0,23.0,14.0,0.0,0.0,2.0,81.22
Mount Duneed,3217,Greater Geelong,0.0,0.0,0.0,0.0,0.0,0.0,0.0,3.0,10.0,0.0,0.0,2.0,169.23
Wattle Glen,3096,Nillumbik,0.0,2.0,0.0,4.0,0.0,0.0,1.0,3.0,1.0,0.0,0.0,2.0,88.42
Mount Egerton,3352,Moorabool,0.0,0.0,0.0,0.0,0.0,0.0,0.0,1.0,0.0,0.0,0.0,2.0,80.0
Long Gully,3550,Greater Bendigo,0.0,0.0,4.0,0.0,0.0,2.0,2.0,16.0,11.0,0.0,0.0,2.0,118.91
Watsonia North,3087,Banyule,0.0,0.0,0.0,0.0,0.0,0.0,0.0,11.0,0.0,0.0,0.0,2.0,92.25
Welshpool,3965,South Gippsland,0.0,0.0,1.0,0.0,0.0,0.0,0.0,1.0,0.0,0.0,0.0,2.0,140.96
Wedderburn,3518,Loddon,0.0,1.0,0.0,0.0,0.0,0.0,0.0,7.0,1.0,0.0,0.0,2.0,111.04
Yea,3755,Murrindindi,0.0,0.0,2.0,2.0,0.0,0.0,0.0,5.0,2.0,0.0,0.0,2.0,134.62
Warranwood,3134,Maroondah,0.0,0.0,0.0,0.0,0.0,0.0,0.0,7.0,0.0,0.0,0.0,2.0,119.4
Murchison,3610,Greater Shepparton,0.0,0.0,0.0,0.0,1.0,0.0,0.0,0.0,5.0,0.0,0.0,2.0,120.43
Ventnor,3922,Bass Coast,0.0,0.0,4.0,0.0,0.0,1.0,2.0,0.0,0.0,0.0,0.0,2.0,127.03
Lindenow,3865,East Gippsland,0.0,0.0,0.0,0.0,1.0,0.0,0.0,0.0,0.0,0.0,0.0,2.0,126.25
Venus Bay,3956,South Gippsland,0.0,0.0,0.0,0.0,0.0,0.0,0.0,1.0,0.0,0.0,0.0,2.0,171.75
Murtoa,3390,Yarriambiack,0.0,0.0,0.0,1.0,0.0,2.0,1.0,7.0,1.0,0.0,0.0,2.0,68.42
Vermont South,3133,Whitehorse,0.0,1.0,0.0,0.0,1.0,0.0,2.0,8.0,1.0,0.0,0.0,2.0,100.83
Violet Town,3669,Strathbogie,0.0,0.0,0.0,0.0,0.0,0.0,0.0,1.0,0.0,0.0,0.0,2.0,47.67
Wahgunyah,3687,Indigo,0.0,0.0,0.0,0.0,0.0,0.0,0.0,2.0,4.0,0.0,0.0,2.0,83.95
Wandana Heights,3216,Greater Geelong,0.0,0.0,0.0,0.0,0.0,0.0,0.0,6.0,4.0,0.0,0.0,2.0,90.74
Lismore,3324,Corangamite,0.0,1.0,1.0,0.0,0.0,0.0,0.0,1.0,0.0,0.0,0.0,2.0,154.55
Mount Pleasant,3350,Ballarat,0.0,1.0,0.0,1.0,0.0,0.0,1.0,8.0,0.0,0.0,0.0,2.0,113.38
Wandin North,3139,Yarra Ranges,0.0,0.0,0.0,0.0,0.0,0.0,1.0,6.0,1.0,0.0,0.0,2.0,120.86
Mount Macedon,3441,Macedon Ranges,0.0,1.0,0.0,1.0,0.0,0.0,0.0,35.0,2.0,0.0,0.0,2.0,130.94
Lockington,3563,Campaspe,0.0,0.0,2.0,0.0,0.0,0.0,0.0,0.0,0.0,0.0,0.0,2.0,100.0
Mount Helen,3350,Ballarat,0.0,0.0,0.0,0.0,0.0,0.0,0.0,11.0,1.0,0.0,0.0,2.0,78.78
Warburton,3799,Yarra Ranges,1.0,1.0,3.0,0.0,2.0,0.0,1.0,20.0,0.0,1.0,0.0,2.0,166.13
Mount Evelyn,3796,Yarra Ranges,0.0,0.0,0.0,0.0,0.0,0.0,0.0,12.0,14.0,0.0,0.0,2.0,96.18
Mount Beauty,3699,Alpine,0.0,0.0,0.0,0.0,0.0,0.0,0.0,0.0,2.0,0.0,0.0,2.0,222.22
Manifold Heights,3218,Greater Geelong,0.0,0.0,0.0,0.0,0.0,0.0,0.0,2.0,0.0,0.0,0.0,2.0,75.4
Wesburn,3799,Yarra Ranges,0.0,0.0,0.0,1.0,0.0,0.0,0.0,2.0,0.0,0.0,0.0,2.0,124.0
Merrigum,3618,Greater Shepparton,0.0,0.0,0.0,0.0,0.0,0.0,1.0,15.0,0.0,0.0,0.0,2.0,54.83
Menzies Creek,3159,Yarra Ranges,0.0,0.0,0.0,0.0,0.0,0.0,0.0,12.0,9.0,0.0,0.0,2.0,65.05
Winter Valley,3358,Ballarat,0.0,0.0,0.0,0.0,1.0,0.0,0.0,4.0,0.0,0.0,0.0,2.0,74.46
Maiden Gully,3551,Greater Bendigo,0.0,0.0,0.0,0.0,0.0,0.0,0.0,4.0,0.0,0.0,0.0,2.0,70.45
Meeniyan,3956,South Gippsland,0.0,0.0,0.0,0.0,0.0,0.0,1.0,0.0,0.0,0.0,0.0,2.0,291.96
Wonthaggi,3995,Bass Coast,0.0,2.0,3.0,3.0,4.0,3.0,1.0,9.0,3.0,0.0,0.0,2.0,143.33
Woori Yallock,3139,Yarra Ranges,0.0,0.0,0.0,0.0,0.0,0.0,0.0,5.0,0.0,0.0,0.0,2.0,86.52
Maldon,3463,Mount Alexander,0.0,0.0,0.0,0.0,0.0,0.0,0.0,2.0,0.0,0.0,0.0,2.0,120.0
Wurruk,3850,Wellington,0.0,0.0,0.0,0.0,0.0,0.0,0.0,2.0,1.0,0.0,0.0,2.0,53.16
Marshall,3216,Greater Geelong,0.0,0.0,0.0,0.0,0.0,4.0,0.0,5.0,1.0,0.0,0.0,2.0,86.39
Marong,3515,Greater Bendigo,0.0,0.0,0.0,0.0,0.0,0.0,0.0,4.0,1.0,0.0,0.0,2.0,106.45
Yallambie,3085,Banyule,0.0,0.0,0.0,0.0,0.0,0.0,0.0,21.0,0.0,0.0,0.0,2.0,70.89
Wycheproof,3527,Buloke,0.0,0.0,0.0,0.0,0.0,0.0,0.0,4.0,1.0,0.0,0.0,2.0,94.74
Wy Yung,3875,East Gippsland,0.0,0.0,0.0,2.0,0.0,0.0,0.0,0.0,3.0,0.0,0.0,2.0,38.6
Maribyrnong,3032,Maribyrnong,1.0,0.0,0.0,1.0,0.0,2.0,0.0,78.0,26.0,1.0,0.0,2.0,57.56
Marengo,3233,Colac-Otway,0.0,1.0,0.0,0.0,0.0,0.0,0.0,1.0,1.0,0.0,0.0,2.0,130.0
Malmsbury,3446,Macedon Ranges,0.0,0.0,3.0,0.0,0.0,0.0,0.0,2.0,2.0,0.0,0.0,2.0,154.7
Malvern East,3145,Stonnington,2.0,0.0,0.0,0.0,1.0,26.0,2.0,87.0,15.0,2.0,0.0,2.0,100.83
Mansfield,3722,Mansfield,0.0,7.0,3.0,9.0,3.0,5.0,0.0,21.0,13.0,0.0,0.0,2.0,118.41
Manor Lakes,3024,Wyndham,0.0,0.0,0.0,2.0,0.0,1.0,2.0,43.0,6.0,0.0,0.0,2.0,94.13
Macleod,3085,Banyule,0.0,5.0,1.0,5.0,3.0,0.0,0.0,8.0,3.0,0.0,0.0,2.0,145.56
Metung,3904,East Gippsland,0.0,0.0,0.0,2.0,0.0,0.0,0.0,16.0,2.0,0.0,0.0,2.0,85.19
Mortlake,3272,Moyne,0.0,1.0,0.0,0.0,0.0,0.0,0.0,1.0,0.0,0.0,0.0,2.0,149.03
Winchelsea,3241,Surf Coast,0.0,0.0,0.0,0.0,0.0,1.0,0.0,15.0,5.0,0.0,0.0,2.0,106.62
Lucas,3350,Ballarat,0.0,0.0,0.0,0.0,1.0,0.0,0.0,4.0,0.0,0.0,0.0,2.0,95.83
White Hills,3550,Greater Bendigo,2.0,0.0,1.0,0.0,0.0,0.0,1.0,2.0,3.0,2.0,0.0,2.0,83.93
Mooroolbark,3138,Yarra Ranges,4.0,8.0,2.0,10.0,3.0,3.0,2.0,32.0,36.0,4.0,0.0,2.0,98.41
Whittlesea,3757,Whittlesea,1.0,1.0,5.0,5.0,0.0,1.0,3.0,15.0,9.0,1.0,0.0,2.0,112.67
Moe,3825,Latrobe,4.0,5.0,3.0,8.0,2.0,4.0,0.0,47.0,11.0,4.0,0.0,2.0,116.13
Mitchell Park,3355,Ballarat,0.0,0.0,0.0,0.0,0.0,0.0,0.0,4.0,0.0,0.0,0.0,2.0,107.87
Mirboo North,3871,South Gippsland,0.0,0.0,1.0,0.0,0.0,0.0,0.0,2.0,3.0,0.0,0.0,2.0,134.34
Williams Landing,3027,Wyndham,0.0,1.0,8.0,2.0,3.0,19.0,1.0,32.0,3.0,0.0,0.0,2.0,70.74
Minyip,3392,Yarriambiack,0.0,0.0,0.0,0.0,0.0,0.0,0.0,1.0,3.0,0.0,0.0,2.0,95.92
Miners Rest,3352,Ballarat,0.0,0.0,0.0,0.0,0.0,1.0,0.0,5.0,3.0,0.0,0.0,2.0,98.48
Millgrove,3799,Yarra Ranges,0.0,0.0,0.0,0.0,1.0,0.0,0.0,4.0,0.0,0.0,0.0,2.0,155.51
Lucknow,3875,East Gippsland,0.0,0.0,0.0,0.0,0.0,1.0,0.0,3.0,3.0,0.0,0.0,2.0,27.66
Yarra Junction,3797,Yarra Ranges,0.0,0.0,1.0,2.0,2.0,1.0,0.0,6.0,0.0,0.0,0.0,2.0,88.19
Yarra Glen,3775,Yarra Ranges,0.0,0.0,0.0,0.0,0.0,0.0,0.0,30.0,6.0,0.0,0.0,2.0,82.14
Middle Park,3206,Port Phillip,0.0,1.0,0.0,0.0,0.0,0.0,5.0,8.0,0.0,0.0,0.0,2.0,63.78
Yallourn North,3825,Latrobe,0.0,0.0,1.0,0.0,0.0,0.0,1.0,1.0,0.0,0.0,0.0,2.0,124.07
Lysterfield,3156,Knox,1.0,1.0,0.0,0.0,1.0,1.0,0.0,48.0,0.0,1.0,0.0,2.0,71.09
Mont Albert North,3129,Whitehorse,0.0,0.0,0.0,0.0,0.0,0.0,0.0,4.0,1.0,0.0,0.0,2.0,56.28
Nar Nar Goon,3812,Cardinia,0.0,0.0,0.0,0.0,0.0,0.0,1.0,110.0,10.0,0.0,0.0,2.0,87.14
Sea Lake,3533,Buloke,0.0,0.0,0.0,0.0,0.0,0.0,0.0,1.0,6.0,0.0,0.0,2.0,100.0
Sandy Point,3959,South Gippsland,0.0,1.0,0.0,0.0,0.0,0.0,3.0,3.0,0.0,0.0,0.0,2.0,132.62
Sandhurst,3977,Frankston,0.0,1.0,1.0,0.0,0.0,0.0,0.0,1.0,0.0,0.0,0.0,2.0,77.25
San Remo,3925,Bass Coast,0.0,0.0,2.0,0.0,0.0,1.0,0.0,9.0,15.0,0.0,0.0,2.0,121.34
Sunderland Bay,3922,Bass Coast,0.0,0.0,0.0,0.0,0.0,0.0,0.0,0.0,7.0,0.0,0.0,2.0,219.72
Sunset Strip,3922,Bass Coast,0.0,0.0,0.0,0.0,0.0,0.0,0.0,0.0,2.0,0.0,0.0,2.0,176.95
Rushworth,3612,Campaspe,0.0,0.0,1.0,0.0,0.0,2.0,0.0,5.0,1.0,0.0,0.0,2.0,126.71
Rupanyup,3388,Yarriambiack,0.0,0.0,1.0,0.0,0.0,0.0,0.0,7.0,7.0,0.0,0.0,2.0,193.33
Roxburgh Park,3064,Hume,2.0,7.0,5.0,5.0,8.0,1.0,0.0,115.0,25.0,2.0,0.0,2.0,76.71
Sunshine West,3020,Brimbank,2.0,2.0,2.0,2.0,4.0,5.0,0.0,110.0,4.0,2.0,0.0,2.0,102.86
Rosedale,3847,Wellington,0.0,0.0,0.0,0.0,0.0,0.0,0.0,5.0,1.0,0.0,0.0,2.0,95.35
Surf Beach,3922,Bass Coast,0.0,0.0,0.0,0.0,0.0,0.0,0.0,3.0,1.0,0.0,0.0,2.0,106.0
Swan Reach,3903,East Gippsland,0.0,0.0,0.0,0.0,0.0,0.0,0.0,1.0,0.0,0.0,0.0,2.0,232.39
Tawonga,3697,Alpine,0.0,2.0,1.0,0.0,0.0,0.0,0.0,2.0,0.0,0.0,0.0,2.0,98.39
Robinvale,3549,Swan Hill,0.0,1.0,1.0,2.0,0.0,0.0,1.0,81.0,26.0,0.0,0.0,2.0,165.68
Ripponlea,3185,Port Phillip,0.0,0.0,0.0,0.0,1.0,1.0,0.0,9.0,11.0,0.0,0.0,2.0,67.51
Rippleside,3215,Greater Geelong,0.0,0.0,0.0,0.0,0.0,0.0,0.0,2.0,0.0,0.0,0.0,2.0,55.56
Tawonga South,3698,Alpine,0.0,0.0,0.0,1.0,0.0,0.0,0.0,0.0,0.0,0.0,0.0,2.0,202.51
Red Cliffs,3496,Mildura,0.0,0.0,1.0,1.0,0.0,1.0,0.0,5.0,3.0,0.0,0.0,2.0,99.39
Raymond Island,3880,East Gippsland,0.0,1.0,0.0,0.0,0.0,0.0,0.0,0.0,0.0,0.0,0.0,2.0,46.05
Rawson,3825,Baw Baw,0.0,0.0,0.0,0.0,0.0,0.0,0.0,3.0,1.0,0.0,0.0,2.0,80.69
Queenscliff,3225,Queenscliffe,0.0,0.0,3.0,1.0,1.0,0.0,0.0,3.0,16.0,0.0,0.0,2.0,196.83
Pyramid Hill,3575,Loddon,0.0,0.0,0.0,0.0,0.0,0.0,0.0,0.0,1.0,0.0,0.0,2.0,77.78
Seabrook,3028,Hobsons Bay,0.0,0.0,0.0,0.0,4.0,0.0,0.0,14.0,1.0,0.0,0.0,2.0,84.62
Seaholme,3018,Hobsons Bay,0.0,1.0,0.0,0.0,1.0,0.0,1.0,15.0,9.0,0.0,0.0,2.0,90.33
Seaspray,3851,Wellington,0.0,1.0,0.0,0.0,0.0,0.0,0.0,0.0,0.0,0.0,0.0,2.0,156.58
St Andrews Beach,3941,Mornington Peninsula,0.0,0.0,0.0,0.0,0.0,0.0,0.0,13.0,0.0,0.0,0.0,2.0,232.29
St Albans Park,3219,Greater Geelong,0.0,0.0,0.0,0.0,0.0,0.0,0.0,8.0,0.0,0.0,0.0,2.0,85.82
Springvale,3171,Greater Dandenong,7.0,8.0,11.0,12.0,6.0,6.0,14.0,254.0,23.0,7.0,0.0,2.0,104.87
Spring Gully,3550,Greater Bendigo,0.0,0.0,0.0,0.0,0.0,0.0,1.0,2.0,1.0,0.0,0.0,2.0,102.9
St Kilda East,3183,Port Phillip,0.0,0.0,0.0,0.0,2.0,1.0,0.0,38.0,5.0,0.0,0.0,2.0,14.23
South Kingsville,3015,Hobsons Bay,1.0,0.0,0.0,0.0,0.0,0.0,0.0,3.0,2.0,1.0,0.0,2.0,84.02
Stanhope,3623,Campaspe,0.0,0.0,0.0,1.0,0.0,0.0,0.0,2.0,0.0,0.0,0.0,2.0,48.33
South Geelong,3220,Greater Geelong,0.0,0.0,1.0,0.0,1.0,0.0,2.0,6.0,1.0,0.0,0.0,2.0,154.46
Somerville,3912,Mornington Peninsula,2.0,0.0,1.0,2.0,0.0,0.0,1.0,49.0,16.0,2.0,0.0,2.0,133.77
Somers,3927,Mornington Peninsula,0.0,0.0,0.0,0.0,0.0,0.0,0.0,4.0,0.0,0.0,0.0,2.0,181.37
Seddon,3011,Maribyrnong,0.0,0.0,2.0,2.0,5.0,0.0,0.0,21.0,9.0,0.0,0.0,2.0,43.85
Skye,3977,Frankston,1.0,0.0,4.0,0.0,1.0,0.0,0.0,34.0,9.0,1.0,0.0,2.0,105.7
Skipton,3361,Corangamite,0.0,0.0,1.0,0.0,0.0,0.0,0.0,0.0,0.0,0.0,0.0,2.0,127.42
Skenes Creek,3233,Colac-Otway,0.0,0.0,0.0,0.0,0.0,1.0,0.0,0.0,1.0,0.0,0.0,2.0,82.8
Shoreham,3916,Mornington Peninsula,0.0,0.0,0.0,0.0,0.0,0.0,0.0,2.0,0.0,0.0,0.0,2.0,90.28
Stratford,3862,Wellington,1.0,1.0,0.0,1.0,0.0,0.0,1.0,2.0,1.0,1.0,0.0,2.0,101.52
Strathmerton,3641,Moira,0.0,0.0,0.0,0.0,0.0,0.0,1.0,4.0,1.0,0.0,0.0,2.0,56.02
Strathmore Heights,3041,Moonee Valley,0.0,0.0,0.0,0.0,0.0,0.0,0.0,1.0,0.0,0.0,0.0,2.0,83.17
Seville,3139,Yarra Ranges,0.0,0.0,1.0,0.0,0.0,0.0,1.0,6.0,0.0,0.0,0.0,2.0,102.5
Selby,3159,Yarra Ranges,0.0,0.0,0.0,0.0,0.0,0.0,0.0,2.0,0.0,0.0,0.0,2.0,95.24
Princes Hill,3054,Yarra,0.0,0.0,0.0,0.0,0.0,0.0,0.0,8.0,2.0,0.0,0.0,2.0,30.09
Portland North,3305,Glenelg,0.0,0.0,1.0,0.0,0.0,0.0,0.0,0.0,0.0,0.0,0.0,2.0,-1.67
Portarlington,3223,Greater Geelong,0.0,0.0,0.0,3.0,1.0,9.0,7.0,3.0,1.0,0.0,0.0,2.0,144.62
North Geelong,3215,Greater Geelong,0.0,0.0,1.0,0.0,0.0,0.0,1.0,19.0,7.0,0.0,0.0,2.0,130.51
Trafalgar,3824,Baw Baw,1.0,1.0,0.0,0.0,0.0,0.0,1.0,14.0,0.0,1.0,0.0,2.0,89.05
Nyora,3987,South Gippsland,0.0,0.0,0.0,0.0,0.0,0.0,0.0,2.0,0.0,0.0,0.0,2.0,230.34
Nyah West,3595,Swan Hill,0.0,0.0,0.0,0.0,0.0,0.0,0.0,0.0,1.0,0.0,0.0,2.0,122.34
Nunawading,3131,Whitehorse,1.0,2.0,2.0,2.0,0.0,1.0,1.0,37.0,8.0,1.0,0.0,2.0,103.14
Numurkah,3636,Moira,0.0,0.0,0.0,0.0,0.0,0.0,1.0,14.0,5.0,0.0,0.0,2.0,97.44
Traralgon East,3844,Latrobe,0.0,0.0,6.0,0.0,0.0,0.0,0.0,6.0,0.0,0.0,0.0,2.0,36.21
Notting Hill,3168,Monash,0.0,0.0,1.0,0.0,0.0,0.0,0.0,6.0,1.0,0.0,0.0,2.0,115.36
St Arnaud,3478,Northern Grampians,0.0,0.0,0.0,4.0,0.0,3.0,2.0,17.0,7.0,0.0,0.0,2.0,82.14
Trentham,3458,Hepburn,0.0,0.0,0.0,0.0,0.0,0.0,0.0,24.0,0.0,0.0,0.0,2.0,133.13
Tootgarook,3941,Mornington Peninsula,2.0,2.0,0.0,0.0,0.0,1.0,1.0,40.0,8.0,2.0,0.0,2.0,153.23
Nichols Point,3501,Mildura,0.0,0.0,0.0,0.0,1.0,0.0,0.0,2.0,1.0,0.0,0.0,2.0,57.98
Tullamarine,3043,Hume,2.0,2.0,2.0,2.0,2.0,1.0,0.0,64.0,24.0,2.0,0.0,2.0,113.92
Newlands Arm,3875,East Gippsland,0.0,0.0,0.0,0.0,0.0,0.0,2.0,0.0,0.0,0.0,0.0,2.0,106.25
Newington,3350,Ballarat,0.0,0.0,0.0,0.0,0.0,0.0,0.0,2.0,1.0,0.0,0.0,2.0,101.56
Newhaven,3925,Bass Coast,0.0,0.0,0.0,0.0,0.0,0.0,0.0,3.0,12.0,0.0,0.0,2.0,111.64
Newcomb,3219,Greater Geelong,0.0,0.0,2.0,1.0,0.0,0.0,7.0,17.0,1.0,0.0,0.0,2.0,119.64
Tyabb,3913,Mornington Peninsula,0.0,0.0,2.0,0.0,0.0,0.0,0.0,1.0,2.0,0.0,0.0,2.0,123.35
Neerim South,3831,Baw Baw,1.0,5.0,0.0,2.0,0.0,2.0,1.0,2.0,0.0,1.0,0.0,2.0,39.71
Nathalia,3638,Moira,0.0,1.0,2.0,0.0,0.0,0.0,1.0,3.0,0.0,0.0,0.0,2.0,100.0
Narre Warren North,3804,Casey,1.0,0.0,0.0,1.0,2.0,0.0,0.0,39.0,8.0,1.0,0.0,2.0,114.23
Oakleigh South,3167,Monash,0.0,0.0,0.0,0.0,0.0,0.0,1.0,20.0,1.0,0.0,0.0,2.0,105.22
Port Welshpool,3965,South Gippsland,0.0,0.0,0.0,0.0,0.0,0.0,0.0,2.0,6.0,0.0,0.0,2.0,142.68
Penshurst,3289,Southern Grampians,0.0,2.0,0.0,0.0,0.0,1.0,0.0,0.0,0.0,0.0,0.0,2.0,64.93
Taylors Hill,3037,Melton,0.0,0.0,0.0,0.0,0.0,2.0,0.0,24.0,3.0,0.0,0.0,2.0,68.51
Port Fairy,3284,Moyne,0.0,0.0,1.0,0.0,1.0,1.0,1.0,7.0,1.0,0.0,0.0,2.0,181.25
Port Campbell,3269,Corangamite,0.0,1.0,0.0,0.0,0.0,0.0,0.0,45.0,0.0,0.0,0.0,2.0,151.97
Porepunkah,3740,Alpine,0.0,0.0,0.0,1.0,0.0,0.0,0.0,1.0,0.0,0.0,0.0,2.0,201.87
Tecoma,3160,Yarra Ranges,0.0,1.0,1.0,7.0,0.0,0.0,1.0,11.0,1.0,0.0,0.0,2.0,123.86
Plenty,3093,Nillumbik,0.0,1.0,0.0,1.0,0.0,0.0,0.0,4.0,3.0,0.0,0.0,2.0,106.99
Pioneer Bay,3984,Bass Coast,0.0,0.0,0.0,0.0,0.0,0.0,0.0,2.0,0.0,0.0,0.0,2.0,175.0
Peterborough,3270,Moyne,0.0,0.0,0.0,0.0,0.0,0.0,0.0,9.0,0.0,0.0,0.0,2.0,112.17
Templestowe,3106,Manningham,0.0,0.0,0.0,1.0,0.0,0.0,0.0,33.0,16.0,0.0,0.0,2.0,90.06
Terang,3264,Corangamite,0.0,0.0,0.0,1.0,1.0,0.0,3.0,10.0,4.0,0.0,0.0,2.0,104.33
Pearcedale,3912,Casey,0.0,0.0,0.0,0.0,0.0,0.0,0.0,2.0,0.0,0.0,0.0,2.0,155.84
Olinda,3788,Yarra Ranges,2.0,0.0,0.0,2.0,0.0,0.0,0.0,21.0,12.0,2.0,0.0,2.0,89.21
Pascoe Vale South,3044,Merri-bek,0.0,8.0,1.0,0.0,0.0,1.0,0.0,18.0,6.0,0.0,0.0,2.0,72.89
The Basin,3154,Knox,1.0,1.0,0.0,0.0,0.0,1.0,0.0,17.0,6.0,1.0,0.0,2.0,94.77
Tongala,3621,Campaspe,0.0,0.0,1.0,2.0,0.0,0.0,0.0,3.0,2.0,0.0,0.0,2.0,128.65
Toora,3962,South Gippsland,0.0,0.0,1.0,0.0,0.0,0.0,1.0,5.0,2.0,0.0,0.0,2.0,255.69
Tooradin,3980,Casey,0.0,3.0,7.0,0.0,0.0,0.0,0.0,3.0,7.0,0.0,0.0,2.0,62.98
Toorak,3142,Stonnington,1.0,0.0,2.0,0.0,0.0,1.0,4.0,37.0,10.0,1.0,0.0,2.0,58.43
Parkdale,3195,Kingston,2.0,4.0,5.0,3.0,0.0,0.0,0.0,51.0,1.0,2.0,0.0,2.0,83.09
Park Orchards,3114,Manningham,0.0,0.0,1.0,1.0,1.0,0.0,0.0,4.0,0.0,0.0,0.0,2.0,135.17
Omeo,3898,East Gippsland,0.0,0.0,0.0,0.0,0.0,0.0,0.0,1.0,0.0,0.0,0.0,2.0,64.29
North Wonthaggi,3995,Bass Coast,0.0,0.0,0.0,1.0,0.0,0.0,0.0,2.0,2.0,0.0,0.0,2.0,188.7
Yinnar,3869,Latrobe,0.0,1.0,0.0,0.0,0.0,0.0,0.0,0.0,0.0,0.0,0.0,2.0,155.68
Leneva,3691,Wodonga,0.0,0.0,0.0,0.0,0.0,0.0,0.0,2.0,1.0,0.0,0.0,2.0,75.66
Dallas,3047,Hume,0.0,0.0,0.0,2.0,2.0,0.0,1.0,71.0,1.0,0.0,0.0,2.0,91.07
Croydon South,3136,Maroondah,0.0,0.0,0.0,0.0,0.0,0.0,0.0,9.0,0.0,0.0,0.0,2.0,100.79
Croydon Hills,3136,Maroondah,0.0,1.0,0.0,0.0,0.0,0.0,0.0,0.0,0.0,0.0,0.0,2.0,95.98
Crib Point,3919,Mornington Peninsula,0.0,1.0,1.0,0.0,0.0,0.0,4.0,34.0,12.0,0.0,0.0,2.0,145.07
Cranbourne West,3977,Casey,1.0,1.0,2.0,0.0,0.0,0.0,1.0,80.0,11.0,1.0,0.0,2.0,110.91
Cranbourne North,3977,Casey,0.0,0.0,0.0,1.0,0.0,0.0,0.0,157.0,17.0,0.0,0.0,2.0,93.24
Cranbourne East,3977,Casey,1.0,1.0,0.0,0.0,0.0,1.0,0.0,55.0,10.0,1.0,0.0,2.0,84.62
Corryong,3707,Towong,0.0,1.0,1.0,0.0,1.0,1.0,0.0,0.0,0.0,0.0,0.0,2.0,72.67
Coronet Bay,3984,Bass Coast,0.0,0.0,0.0,0.0,0.0,0.0,0.0,1.0,0.0,0.0,0.0,2.0,154.98
Connewarre,3227,Greater Geelong,0.0,0.0,1.0,0.0,0.0,0.0,0.0,0.0,0.0,0.0,0.0,2.0,364.08
Collingwood,3066,Yarra,3.0,10.0,0.0,6.0,0.0,1.0,3.0,239.0,46.0,3.0,0.0,2.0,73.95
Coldstream,3770,Yarra Ranges,0.0,0.0,0.0,0.0,0.0,1.0,3.0,36.0,4.0,0.0,0.0,2.0,107.79
Cobden,3266,Corangamite,0.0,1.0,1.0,0.0,0.0,0.0,0.0,6.0,0.0,0.0,0.0,2.0,86.46
Cobblebank,3338,Melton,0.0,0.0,0.0,0.0,0.0,0.0,0.0,5.0,3.0,0.0,0.0,2.0,92.7
Clyde North,3978,Casey,0.0,0.0,0.0,0.0,1.0,0.0,0.0,78.0,9.0,0.0,0.0,2.0,83.37
Clunes,3370,Hepburn,0.0,0.0,0.0,1.0,0.0,0.0,0.0,2.0,0.0,0.0,0.0,2.0,132.88
Clifton Springs,3222,Greater Geelong,1.0,0.0,0.0,1.0,1.0,9.0,0.0,3.0,5.0,1.0,0.0,2.0,120.24
Clarinda,3169,Kingston,0.0,0.0,0.0,0.0,0.0,1.0,0.0,17.0,3.0,0.0,0.0,2.0,123.43
Chiltern,3683,Indigo,0.0,2.0,0.0,0.0,0.0,0.0,1.0,4.0,5.0,0.0,0.0,2.0,128.57
Chewton,3451,Mount Alexander,0.0,0.0,1.0,0.0,0.0,0.0,0.0,0.0,0.0,0.0,0.0,2.0,396.0
Chelsea Heights,3196,Kingston,5.0,2.0,1.0,0.0,0.0,0.0,0.0,16.0,3.0,5.0,0.0,2.0,111.83
Chadstone,3148,Monash,0.0,0.0,1.0,3.0,8.0,0.0,0.0,79.0,7.0,0.0,0.0,2.0,65.86
Castlemaine,3450,Mount Alexander,2.0,2.0,12.0,2.0,1.0,5.0,0.0,22.0,22.0,2.0,0.0,2.0,92.75
Carlton North,3054,Yarra,0.0,1.0,0.0,0.0,0.0,0.0,0.0,59.0,17.0,0.0,0.0,2.0,84.17
Curlewis,3222,Greater Geelong,0.0,0.0,0.0,0.0,0.0,1.0,2.0,10.0,2.0,0.0,0.0,2.0,79.77
Daylesford,3460,Hepburn,0.0,0.0,0.0,0.0,1.0,0.0,4.0,14.0,3.0,0.0,0.0,2.0,132.47
Cape Schanck,3939,Mornington Peninsula,0.0,1.0,0.0,0.0,0.0,0.0,0.0,1.0,0.0,0.0,0.0,2.0,53.63
Ferny Creek,3786,Yarra Ranges,0.0,0.0,0.0,0.0,0.0,0.0,0.0,20.0,0.0,0.0,0.0,2.0,105.53
Fairhaven,3231,Surf Coast,0.0,0.0,0.0,0.0,0.0,0.0,0.0,1.0,0.0,0.0,0.0,2.0,246.75
Euroa,3666,Strathbogie,0.0,1.0,0.0,0.0,0.0,0.0,0.0,3.0,2.0,0.0,0.0,2.0,86.3
Eumemmerring,3177,Casey,0.0,1.0,0.0,0.0,0.0,0.0,0.0,17.0,3.0,0.0,0.0,2.0,119.55
Essendon North,3041,Moonee Valley,0.0,0.0,0.0,0.0,0.0,1.0,0.0,12.0,8.0,0.0,0.0,2.0,84.14
Epsom,3551,Greater Bendigo,0.0,1.0,0.0,0.0,0.0,1.0,0.0,8.0,6.0,0.0,0.0,2.0,86.05
Emerald,3782,Cardinia,0.0,2.0,1.0,0.0,6.0,0.0,0.0,28.0,0.0,0.0,0.0,2.0,111.36
Eltham,3095,Nillumbik,2.0,5.0,0.0,4.0,2.0,0.0,2.0,21.0,15.0,2.0,0.0,2.0,104.28
Edithvale,3196,Kingston,1.0,0.0,1.0,1.0,3.0,4.0,2.0,18.0,0.0,1.0,0.0,2.0,118.94
Edenhope,3318,West Wimmera,0.0,0.0,0.0,0.0,0.0,0.0,0.0,0.0,5.0,0.0,0.0,2.0,0.94
East Geelong,3219,Greater Geelong,0.0,0.0,1.0,1.0,0.0,23.0,0.0,16.0,0.0,0.0,0.0,2.0,88.0
East Bairnsdale,3875,East Gippsland,1.0,0.0,1.0,0.0,0.0,0.0,0.0,12.0,6.0,1.0,0.0,2.0,57.96
Eaglemont,3084,Banyule,0.0,0.0,1.0,0.0,0.0,0.0,0.0,3.0,0.0,0.0,0.0,2.0,84.7
Dunolly,3472,Central Goldfields,0.0,1.0,0.0,0.0,0.0,1.0,0.0,0.0,0.0,0.0,0.0,2.0,129.59
Drysdale,3222,Greater Geelong,0.0,0.0,0.0,0.0,0.0,0.0,0.0,10.0,2.0,0.0,0.0,2.0,106.41
Donald,3480,Buloke,0.0,3.0,1.0,0.0,0.0,2.0,1.0,3.0,0.0,0.0,0.0,2.0,60.71
Dinner Plain,3898,Alpine,0.0,0.0,0.0,0.0,0.0,0.0,0.0,1.0,0.0,0.0,0.0,2.0,130.77
Dimboola,3414,Hindmarsh,0.0,0.0,0.0,0.0,0.0,1.0,0.0,5.0,0.0,0.0,0.0,2.0,183.71
Diamond Creek,3089,Nillumbik,1.0,0.0,2.0,6.0,0.0,1.0,1.0,24.0,4.0,1.0,0.0,2.0,104.68
Dennington,3280,Warrnambool,0.0,1.0,0.0,0.0,0.0,0.0,0.0,1.0,9.0,0.0,0.0,2.0,96.88
Delahey,3037,Brimbank,0.0,2.0,0.0,1.0,1.0,0.0,0.0,19.0,1.0,0.0,0.0,2.0,78.26
Delacombe,3356,Ballarat,0.0,0.0,1.0,0.0,0.0,1.0,0.0,13.0,10.0,0.0,0.0,2.0,96.43
Carisbrook,3464,Central Goldfields,0.0,0.0,0.0,1.0,0.0,0.0,0.0,0.0,4.0,0.0,0.0,2.0,154.0
Cape Paterson,3995,Bass Coast,0.0,0.0,1.0,0.0,0.0,0.0,0.0,0.0,0.0,0.0,0.0,2.0,181.31
Foster,3960,South Gippsland,0.0,3.0,0.0,0.0,0.0,0.0,0.0,5.0,0.0,0.0,0.0,2.0,66.11
Bell Park,3215,Greater Geelong,0.0,0.0,0.0,0.0,0.0,1.0,0.0,3.0,4.0,0.0,0.0,2.0,78.34
Belgrave Heights,3160,Yarra Ranges,0.0,0.0,0.0,0.0,0.0,0.0,0.0,8.0,1.0,0.0,0.0,2.0,171.4
Beaufort,3373,Pyrenees,1.0,2.0,3.0,2.0,5.0,0.0,0.0,19.0,2.0,1.0,0.0,2.0,104.3
Beaconsfield Upper,3808,Cardinia,0.0,0.0,0.0,0.0,0.0,0.0,0.0,5.0,2.0,0.0,0.0,2.0,156.38
Baxter,3911,Mornington Peninsula,0.0,0.0,0.0,0.0,0.0,0.0,0.0,50.0,6.0,0.0,0.0,2.0,138.28
Barwon Heads,3227,Greater Geelong,0.0,0.0,0.0,0.0,0.0,0.0,1.0,2.0,4.0,0.0,0.0,2.0,124.58
Baranduda,3691,Wodonga,0.0,0.0,0.0,0.0,0.0,0.0,0.0,6.0,1.0,0.0,0.0,2.0,97.97
Bandiana,3691,Wodonga,0.0,0.0,0.0,0.0,0.0,0.0,0.0,3.0,1.0,0.0,0.0,2.0,32.6
Balwyn North,3104,Boroondara,0.0,0.0,0.0,3.0,1.0,0.0,0.0,9.0,1.0,0.0,0.0,2.0,59.4
Balnarring Beach,3926,Mornington Peninsula,0.0,0.0,0.0,1.0,0.0,0.0,0.0,1.0,0.0,0.0,0.0,2.0,146.33
Balnarring,3926,Mornington Peninsula,0.0,0.0,1.0,0.0,0.0,1.0,0.0,5.0,0.0,0.0,0.0,2.0,148.86
Ballarat East,3350,Ballarat,0.0,1.0,0.0,0.0,3.0,0.0,0.0,7.0,3.0,0.0,0.0,2.0,103.77
Balaclava,3183,Port Phillip,0.0,0.0,0.0,0.0,2.0,1.0,3.0,53.0,32.0,0.0,0.0,2.0,92.91
Badger Creek,3777,Yarra Ranges,0.0,0.0,0.0,0.0,0.0,0.0,0.0,3.0,0.0,0.0,0.0,2.0,122.22
Avenel,3664,Strathbogie,0.0,0.0,0.0,0.0,0.0,0.0,0.0,1.0,0.0,0.0,0.0,2.0,122.94
Attwood,3049,Hume,0.0,0.0,0.0,0.0,1.0,0.0,1.0,3.0,0.0,0.0,0.0,2.0,30.19
Aspendale Gardens,3195,Kingston,0.0,0.0,1.0,0.0,1.0,0.0,0.0,14.0,0.0,0.0,0.0,2.0,97.27
Aspendale,3195,Kingston,3.0,0.0,0.0,0.0,1.0,8.0,1.0,28.0,1.0,3.0,0.0,2.0,117.74
Armstrong Creek,3217,Greater Geelong,0.0,0.0,0.0,0.0,0.0,0.0,0.0,5.0,2.0,0.0,0.0,2.0,54.22
Apollo Bay,3233,Colac-Otway,1.0,0.0,0.0,6.0,0.0,0.0,0.0,23.0,14.0,1.0,0.0,2.0,157.78
Anglesea,3230,Surf Coast,1.0,1.0,0.0,1.0,2.0,0.0,0.0,11.0,10.0,1.0,0.0,2.0,211.36
Altona Meadows,3028,Hobsons Bay,0.0,3.0,1.0,0.0,0.0,1.0,2.0,61.0,16.0,0.0,0.0,2.0,92.31
Alfredton,3350,Ballarat,0.0,4.0,0.0,0.0,0.0,1.0,0.0,14.0,8.0,0.0,0.0,2.0,93.64
Airport West,3042,Moonee Valley,0.0,0.0,1.0,0.0,0.0,4.0,0.0,48.0,13.0,0.0,0.0,2.0,72.84
Aireys Inlet,3231,Surf Coast,0.0,0.0,0.0,0.0,0.0,0.0,0.0,4.0,0.0,0.0,0.0,2.0,163.55
Belgrave South,3160,Yarra Ranges,0.0,1.0,0.0,0.0,0.0,0.0,0.0,6.0,0.0,0.0,0.0,2.0,61.5
Bell Post Hill,3215,Greater Geelong,0.0,0.0,1.0,0.0,0.0,2.0,1.0,13.0,0.0,0.0,0.0,2.0,115.7
Canterbury,3126,Boroondara,0.0,0.0,0.0,1.0,0.0,0.0,1.0,1.0,1.0,0.0,0.0,2.0,63.08
Belmont,3216,Greater Geelong,1.0,1.0,2.0,3.0,4.0,8.0,2.0,41.0,7.0,1.0,0.0,2.0,106.94
Canadian,3350,Ballarat,0.0,0.0,0.0,0.0,0.0,0.0,0.0,6.0,3.0,0.0,0.0,2.0,76.12
Camperdown,3260,Corangamite,1.0,0.0,2.0,0.0,0.0,1.0,2.0,7.0,2.0,1.0,0.0,2.0,83.64
Campbells Creek,3451,Mount Alexander,0.0,0.0,1.0,1.0,0.0,3.0,2.0,3.0,2.0,0.0,0.0,2.0,81.94
Burwood East,3151,Whitehorse,0.0,0.0,1.0,0.0,0.0,0.0,0.0,46.0,1.0,0.0,0.0,2.0,89.64
Burwood,3125,Whitehorse,3.0,1.0,0.0,0.0,14.0,0.0,0.0,61.0,1.0,3.0,0.0,2.0,76.92
Burnside,3023,Melton,0.0,0.0,0.0,0.0,0.0,0.0,1.0,16.0,1.0,0.0,0.0,2.0,93.46
Bundalong,3730,Moira,0.0,0.0,0.0,2.0,0.0,0.0,0.0,0.0,0.0,0.0,0.0,2.0,907.41
Bulleen,3105,Manningham,0.0,0.0,3.0,0.0,0.0,0.0,2.0,36.0,10.0,0.0,0.0,2.0,71.92
Bruthen,3885,East Gippsland,0.0,0.0,0.0,0.0,0.0,0.0,0.0,2.0,1.0,0.0,0.0,2.0,96.46
Brown Hill,3350,Ballarat,0.0,0.0,0.0,0.0,0.0,0.0,0.0,6.0,4.0,0.0,0.0,2.0,103.23
Brookfield,3338,Melton,0.0,0.0,1.0,6.0,1.0,0.0,0.0,22.0,7.0,0.0,0.0,2.0,78.33
Brighton,3186,Bayside,4.0,7.0,0.0,8.0,9.0,4.0,1.0,66.0,12.0,4.0,0.0,2.0,63.0
Briar Hill,3088,Banyule,0.0,0.0,0.0,0.0,0.0,0.0,0.0,5.0,0.0,0.0,0.0,2.0,111.79
Breakwater,3219,Greater Geelong,0.0,0.0,0.0,0.0,0.0,1.0,0.0,5.0,4.0,0.0,0.0,2.0,132.75
Box Hill North,3129,Whitehorse,0.0,0.0,1.0,1.0,2.0,1.0,0.0,17.0,2.0,0.0,0.0,2.0,96.51
Botanic Ridge,3977,Casey,0.0,0.0,0.0,0.0,0.0,0.0,0.0,5.0,0.0,0.0,0.0,2.0,77.85
Boort,3537,Loddon,0.0,0.0,0.0,0.0,0.0,0.0,1.0,0.0,0.0,0.0,0.0,2.0,36.51
Blairgowrie,3942,Mornington Peninsula,0.0,0.0,0.0,0.0,0.0,0.0,3.0,5.0,1.0,0.0,0.0,2.0,174.22
Blackwood,3458,Moorabool,0.0,4.0,0.0,0.0,0.0,0.0,0.0,2.0,0.0,0.0,0.0,2.0,135.48
Blackburn South,3130,Whitehorse,0.0,3.0,2.0,0.0,0.0,0.0,0.0,36.0,2.0,0.0,0.0,2.0,89.96
Bittern,3918,Mornington Peninsula,0.0,0.0,0.0,0.0,1.0,1.0,0.0,12.0,0.0,0.0,0.0,2.0,117.04
Birregurra,3242,Colac-Otway,0.0,0.0,0.0,0.0,0.0,0.0,0.0,3.0,0.0,0.0,0.0,2.0,216.67
Birchip,3483,Buloke,0.0,0.0,0.0,2.0,0.0,0.0,0.0,4.0,10.0,0.0,0.0,2.0,50.0
Bendigo,3550,Greater Bendigo,3.0,8.0,3.0,7.0,5.0,4.0,5.0,96.0,24.0,3.0,0.0,2.0,94.12
Flowerdale,3717,Murrindindi,0.0,0.0,0.0,0.0,0.0,0.0,0.0,5.0,0.0,0.0,0.0,2.0,64.1
Deepdene,3103,Boroondara,0.0,0.0,0.0,0.0,0.0,0.0,0.0,7.0,0.0,0.0,0.0,2.0,68.0
Koondrook,3580,Gannawarra,0.0,1.0,0.0,0.0,0.0,0.0,0.0,3.0,8.0,0.0,0.0,2.0,60.68
Gordon,3345,Moorabool,0.0,0.0,0.0,0.0,0.0,0.0,0.0,1.0,0.0,0.0,0.0,2.0,267.15
Hurstbridge,3099,Nillumbik,0.0,0.0,0.0,3.0,0.0,0.0,0.0,3.0,1.0,0.0,0.0,2.0,188.38
Aberfeldie,3040,Moonee Valley,0.0,0.0,1.0,0.0,0.0,1.0,0.0,6.0,1.0,0.0,0.0,2.0,66.23
Kingsville,3012,Maribyrnong,0.0,0.0,0.0,0.0,0.0,0.0,0.0,4.0,1.0,0.0,0.0,2.0,85.83
Huntly,3163,Greater Bendigo,0.0,0.0,0.0,0.0,1.0,1.0,0.0,3.0,0.0,0.0,0.0,2.0,62.37
Huntingdale,3166,Monash,0.0,0.0,1.0,0.0,1.0,1.0,0.0,10.0,3.0,0.0,0.0,2.0,85.89
Koo Wee Rup,3981,Cardinia,0.0,5.0,1.0,0.0,0.0,1.0,2.0,14.0,3.0,0.0,0.0,2.0,122.22
Hopetoun,3396,Yarriambiack,0.0,0.0,0.0,0.0,0.0,0.0,1.0,2.0,0.0,0.0,0.0,2.0,143.75
Heywood,3304,Glenelg,1.0,0.0,0.0,0.0,0.0,0.0,0.0,7.0,1.0,1.0,0.0,2.0,86.62
Heyfield,3858,Wellington,0.0,1.0,0.0,1.0,0.0,0.0,0.0,0.0,9.0,0.0,0.0,2.0,117.5
Lake Wendouree,3350,Ballarat,0.0,0.0,0.0,0.0,0.0,1.0,1.0,19.0,6.0,0.0,0.0,2.0,62.85
Hepburn Springs,3461,Hepburn,0.0,0.0,0.0,0.0,0.0,0.0,0.0,1.0,0.0,0.0,0.0,2.0,150.0
Lake Tyers Beach,3909,East Gippsland,0.0,0.0,0.0,0.0,0.0,0.0,0.0,1.0,0.0,0.0,0.0,2.0,207.41
Hastings,3915,Mornington Peninsula,3.0,11.0,3.0,2.0,5.0,15.0,2.0,96.0,43.0,3.0,0.0,2.0,112.46
Hamlyn Heights,3215,Greater Geelong,1.0,0.0,0.0,1.0,0.0,0.0,0.0,3.0,0.0,1.0,0.0,2.0,121.18
Lake Gardens,3355,Ballarat,0.0,0.0,0.0,0.0,0.0,0.0,0.0,1.0,0.0,0.0,0.0,2.0,69.66
Koroit,3282,Moyne,0.0,0.0,2.0,0.0,0.0,0.0,0.0,4.0,2.0,0.0,0.0,2.0,90.55
Korumburra,3950,South Gippsland,2.0,0.0,0.0,1.0,1.0,1.0,0.0,21.0,9.0,2.0,0.0,2.0,122.46
Halls Gap,3381,Northern Grampians,0.0,1.0,1.0,0.0,2.0,0.0,0.0,12.0,0.0,0.0,0.0,2.0,208.94
Lake Boga,3584,Swan Hill,0.0,0.0,1.0,0.0,0.0,0.0,0.0,4.0,0.0,0.0,0.0,2.0,71.5
Kurunjang,3337,Melton,0.0,1.0,0.0,0.0,1.0,0.0,2.0,32.0,0.0,0.0,0.0,2.0,92.51
Grantville,3984,Bass Coast,0.0,2.0,0.0,0.0,0.0,0.0,0.0,6.0,6.0,0.0,0.0,2.0,165.35
Kyneton,3444,Macedon Ranges,4.0,3.0,3.0,3.0,1.0,1.0,0.0,24.0,5.0,4.0,0.0,2.0,141.19
Lancefield,3435,Macedon Ranges,0.0,3.0,0.0,1.0,0.0,0.0,1.0,4.0,3.0,0.0,0.0,2.0,65.56
Indented Head,3223,Greater Geelong,0.0,0.0,0.0,2.0,6.0,0.0,1.0,1.0,2.0,0.0,0.0,2.0,124.36
Inglewood,3517,Loddon,0.0,0.0,2.0,0.0,0.0,0.0,0.0,4.0,0.0,0.0,0.0,2.0,165.94
Garfield,3814,Cardinia,0.0,20.0,0.0,0.0,0.0,0.0,0.0,4.0,4.0,0.0,0.0,2.0,96.3
Keilor Downs,3038,Brimbank,0.0,1.0,2.0,0.0,2.0,5.0,1.0,33.0,8.0,0.0,0.0,2.0,78.44
Kealba,3021,Brimbank,0.0,0.0,0.0,0.0,1.0,0.0,0.0,40.0,0.0,0.0,0.0,2.0,104.05
Leitchville,3567,Gannawarra,0.0,0.0,0.0,0.0,0.0,0.0,0.0,0.0,1.0,0.0,0.0,2.0,201.02
Keilor Lodge,3038,Brimbank,0.0,0.0,0.0,0.0,0.0,0.0,0.0,5.0,1.0,0.0,0.0,2.0,67.35
Kaniva,3419,West Wimmera,0.0,0.0,0.0,0.0,0.0,0.0,0.0,8.0,3.0,0.0,0.0,2.0,68.0
Frankston South,3199,Frankston,0.0,0.0,0.0,1.0,0.0,0.0,0.0,36.0,6.0,0.0,0.0,2.0,101.12
Kew,3101,Boroondara,1.0,0.0,0.0,4.0,2.0,1.0,0.0,89.0,13.0,1.0,0.0,2.0,31.35
Kangaroo Flat,3555,Greater Bendigo,2.0,0.0,3.0,0.0,2.0,2.0,5.0,31.0,7.0,2.0,0.0,2.0,86.32
Kallista,3791,Yarra Ranges,0.0,0.0,0.0,0.0,0.0,0.0,0.0,5.0,0.0,0.0,0.0,2.0,141.18
Junortoun,3551,Greater Bendigo,0.0,0.0,0.0,0.0,0.0,0.0,0.0,4.0,0.0,0.0,0.0,2.0,85.82
Fyansford,3218,Greater Geelong,0.0,0.0,0.0,0.0,0.0,0.0,0.0,2.0,6.0,0.0,0.0,2.0,154.85
Jeparit,3423,Hindmarsh,0.0,0.0,0.0,0.0,12.0,0.0,0.0,0.0,0.0,0.0,0.0,2.0,80.12
Jan Juc,3228,Surf Coast,0.0,0.0,0.0,0.0,0.0,1.0,0.0,0.0,0.0,0.0,0.0,2.0,137.39
Jamieson,3723,Mansfield,0.0,1.0,0.0,0.0,0.0,2.0,0.0,0.0,4.0,0.0,0.0,2.0,234.63
Launching Place,3139,Yarra Ranges,0.0,0.0,0.0,0.0,0.0,0.0,0.0,15.0,0.0,0.0,0.0,2.0,148.48
Jacana,3047,Hume,0.0,0.0,0.0,1.0,1.0,1.0,0.0,59.0,4.0,0.0,0.0,2.0,90.87
Kilcunda,3995,Bass Coast,0.0,0.0,0.0,0.0,0.0,0.0,0.0,0.0,1.0,0.0,0.0,2.0,116.0
Ironbark,3550,Greater Bendigo,0.0,0.0,0.0,0.0,0.0,0.0,0.0,6.0,1.0,0.0,0.0,2.0,91.34
Kilsyth,3137,Yarra Ranges,0.0,0.0,0.0,0.0,2.0,0.0,0.0,24.0,3.0,0.0,0.0,2.0,96.67
Invermay Park,3350,Ballarat,0.0,1.0,0.0,0.0,0.0,0.0,4.0,2.0,0.0,0.0,0.0,2.0,91.8
Kilsyth South,3137,Maroondah,0.0,0.0,0.0,0.0,0.0,1.0,0.0,4.0,0.0,0.0,0.0,2.0,118.43
Glengarry,3854,Latrobe,0.0,1.0,0.0,0.0,0.0,0.0,0.0,6.0,0.0,0.0,0.0,2.0,164.52
Cranbourne,3977,Casey,5.0,2.0,6.0,5.0,4.0,1.0,2.0,380.0,46.0,4.0,-19.61,2.0,112.7
Mornington,3931,Mornington Peninsula,17.0,10.0,9.0,3.0,6.0,17.0,9.0,121.0,65.0,13.0,-23.39,2.0,133.33
Frankston North,3200,Frankston,4.0,0.0,0.0,0.0,2.0,0.0,1.0,91.0,11.0,3.0,-24.39,2.0,141.18
Pascoe Vale,3044,Merri-bek,4.0,1.0,3.0,1.0,3.0,6.0,4.0,50.0,8.0,3.0,-24.39,2.0,89.22
Pakenham,3810,Cardinia,7.0,22.0,16.0,5.0,17.0,4.0,9.0,383.0,71.0,5.0,-28.17,2.0,95.52
St Albans,3021,Brimbank,10.0,7.0,6.0,5.0,7.0,6.0,6.0,421.0,59.0,7.0,-29.7,2.0,100.71
Sunshine North,3020,Brimbank,3.0,5.0,0.0,0.0,0.0,4.0,0.0,76.0,14.0,2.0,-32.26,1.0,83.62
Epping,3076,Whittlesea,3.0,3.0,7.0,1.0,3.0,5.0,6.0,344.0,35.0,2.0,-32.26,1.0,91.0
Watsonia,3087,Banyule,3.0,3.0,0.0,3.0,0.0,0.0,1.0,38.0,7.0,2.0,-32.26,1.0,88.12
Heidelberg West,3081,Banyule,3.0,6.0,1.0,2.0,0.0,0.0,1.0,123.0,10.0,2.0,-32.26,1.0,83.31
Yarraville,3013,Maribyrnong,3.0,4.0,8.0,3.0,5.0,5.0,2.0,28.0,4.0,2.0,-32.26,1.0,93.97
Beaumaris,3193,Bayside,3.0,0.0,2.0,3.0,1.0,8.0,1.0,17.0,4.0,2.0,-32.26,1.0,91.81
Echuca,3564,Campaspe,3.0,3.0,7.0,3.0,0.0,1.0,4.0,75.0,145.0,2.0,-32.26,1.0,84.56
Chelsea,3196,Kingston,5.0,1.0,0.0,3.0,0.0,3.0,3.0,36.0,4.0,3.0,-39.22,1.0,108.66
Narre Warren,3805,Casey,5.0,9.0,10.0,4.0,5.0,5.0,6.0,180.0,49.0,3.0,-39.22,1.0,107.57
Bentleigh East,3165,Glen Eira,11.0,6.0,0.0,1.0,0.0,2.0,1.0,74.0,4.0,6.0,-45.05,1.0,103.73
Dandenong,3175,Greater Dandenong,43.0,44.0,45.0,31.0,28.0,35.0,19.0,1224.0,186.0,23.0,-46.4,1.0,76.54
Inverloch,3996,Bass Coast,2.0,1.0,3.0,4.0,4.0,0.0,2.0,9.0,3.0,1.0,-47.62,1.0,115.2
Upper Ferntree Gully,3156,Knox,2.0,1.0,0.0,1.0,0.0,1.0,1.0,9.0,13.0,1.0,-47.62,1.0,103.45
Kinglake,3763,Murrindindi,2.0,0.0,0.0,0.0,0.0,0.0,0.0,13.0,0.0,1.0,-47.62,1.0,141.67
Woodend,3442,Macedon Ranges,2.0,0.0,3.0,2.0,2.0,0.0,0.0,17.0,12.0,1.0,-47.62,1.0,99.47
Sandringham,3191,Bayside,2.0,2.0,0.0,2.0,2.0,1.0,0.0,43.0,9.0,1.0,-47.62,1.0,101.03
Highett,3190,Bayside,2.0,3.0,0.0,0.0,5.0,2.0,0.0,56.0,7.0,1.0,-47.62,1.0,108.0
Caulfield North,3161,Glen Eira,2.0,3.0,0.0,0.0,1.0,0.0,0.0,26.0,61.0,1.0,-47.62,1.0,94.7
Gisborne,3437,Macedon Ranges,2.0,4.0,4.0,1.0,0.0,0.0,4.0,114.0,54.0,1.0,-47.62,1.0,126.81
Kingsbury,3083,Darebin,2.0,0.0,0.0,0.0,0.0,1.0,1.0,40.0,4.0,1.0,-47.62,1.0,60.11
Ormond,3204,Glen Eira,2.0,3.0,1.0,0.0,4.0,0.0,2.0,25.0,12.0,1.0,-47.62,1.0,93.23
Quarry Hill,3550,Greater Bendigo,2.0,0.0,0.0,0.0,0.0,0.0,0.0,12.0,1.0,1.0,-47.62,1.0,51.95
Thornbury,3071,Darebin,2.0,2.0,7.0,1.0,1.0,0.0,1.0,82.0,7.0,1.0,-47.62,1.0,100.62
Mentone,3194,Kingston,2.0,5.0,1.0,3.0,2.0,2.0,2.0,40.0,9.0,1.0,-47.62,1.0,74.18
Yarrawonga,3730,Moira,2.0,1.0,0.0,0.0,0.0,3.0,0.0,39.0,11.0,1.0,-47.62,1.0,129.75
Sydenham,3037,Brimbank,2.0,0.0,1.0,0.0,0.0,1.0,0.0,24.0,12.0,1.0,-47.62,1.0,58.82
Oakleigh East,3166,Monash,2.0,0.0,0.0,0.0,0.0,0.0,0.0,13.0,0.0,1.0,-47.62,1.0,72.99
Yarram,3971,Wellington,2.0,1.0,0.0,0.0,0.0,8.0,1.0,5.0,4.0,1.0,-47.62,1.0,138.16
Oakleigh,3166,Monash,4.0,7.0,3.0,7.0,10.0,6.0,0.0,109.0,29.0,2.0,-48.78,1.0,89.12
Taylors Lakes,3038,Brimbank,4.0,4.0,1.0,3.0,1.0,2.0,4.0,61.0,8.0,2.0,-48.78,1.0,85.41
Carlton,3053,Melbourne,4.0,0.0,1.0,1.0,2.0,1.0,1.0,144.0,93.0,2.0,-48.78,1.0,59.6
Sunbury,3429,Hume,6.0,5.0,6.0,3.0,2.0,10.0,2.0,295.0,41.0,3.0,-49.18,1.0,84.51
Berwick,3806,Casey,6.0,5.0,5.0,8.0,9.0,4.0,1.0,109.0,18.0,3.0,-49.18,1.0,90.4
Point Cook,3030,Wyndham,6.0,4.0,1.0,3.0,7.0,4.0,3.0,180.0,25.0,3.0,-49.18,1.0,64.44
Noble Park,3174,Greater Dandenong,8.0,17.0,11.0,13.0,6.0,6.0,7.0,218.0,55.0,4.0,-49.38,1.0,92.5
Ararat,3377,Ararat,8.0,6.0,5.0,0.0,2.0,4.0,1.0,44.0,11.0,4.0,-49.38,1.0,88.89
Boronia,3155,Knox,10.0,12.0,5.0,8.0,10.0,5.0,2.0,126.0,4.0,5.0,-49.5,1.0,85.53
Moonee Ponds,3039,Moonee Valley,10.0,3.0,41.0,2.0,3.0,26.0,1.0,82.0,34.0,5.0,-49.5,1.0,119.75
Box Hill,3128,Whitehorse,13.0,3.0,3.0,2.0,2.0,3.0,4.0,187.0,19.0,6.0,-53.44,1.0,50.88
Dingley Village,3172,Kingston,7.0,0.0,1.0,0.0,2.0,1.0,2.0,32.0,5.0,3.0,-56.34,1.0,122.22
Doreen,3754,Whittlesea,5.0,1.0,0.0,1.0,1.0,2.0,3.0,23.0,4.0,2.0,-58.82,1.0,73.73
Blackburn,3130,Whitehorse,5.0,4.0,1.0,2.0,6.0,3.0,3.0,44.0,2.0,2.0,-58.82,1.0,114.47
Newport,3015,Hobsons Bay,5.0,5.0,14.0,6.0,4.0,10.0,15.0,39.0,13.0,2.0,-58.82,1.0,94.24
Kerang,3579,Gannawarra,3.0,1.0,0.0,1.0,3.0,2.0,2.0,43.0,22.0,1.0,-64.52,1.0,75.99
Hamilton,3300,Southern Grampians,3.0,8.0,3.0,5.0,2.0,7.0,4.0,69.0,25.0,1.0,-64.52,1.0,87.01
Mount Waverley,3149,Monash,3.0,4.0,2.0,0.0,1.0,0.0,0.0,70.0,13.0,1.0,-64.52,1.0,84.15
Melton West,3337,Melton,3.0,0.0,0.0,0.0,2.0,3.0,0.0,60.0,12.0,1.0,-64.52,1.0,92.64
Norlane,3214,Greater Geelong,3.0,1.0,2.0,1.0,13.0,0.0,1.0,73.0,33.0,1.0,-64.52,1.0,149.38
Clifton Hill,3068,Yarra,3.0,4.0,3.0,0.0,4.0,9.0,3.0,31.0,8.0,1.0,-64.52,1.0,92.62
Coburg,3058,Merri-bek,6.0,22.0,2.0,8.0,9.0,5.0,11.0,131.0,17.0,2.0,-65.57,1.0,99.45
Hawthorn,3122,Boroondara,10.0,14.0,0.0,4.0,1.0,3.0,2.0,56.0,30.0,3.0,-69.31,1.0,57.78
Warrnambool,3280,Warrnambool,7.0,6.0,8.0,6.0,10.0,9.0,5.0,145.0,111.0,2.0,-70.42,1.0,80.77
Werribee,3030,Wyndham,14.0,14.0,6.0,10.0,15.0,7.0,14.0,321.0,61.0,4.0,-70.92,1.0,100.81
Meadow Heights,3048,Hume,11.0,3.0,4.0,1.0,1.0,2.0,1.0,141.0,10.0,3.0,-72.07,1.0,89.27
Croydon,3136,Maroondah,15.0,6.0,3.0,17.0,4.0,2.0,9.0,110.0,27.0,4.0,-72.85,1.0,93.72
Coolaroo,3048,Hume,4.0,0.0,1.0,6.0,8.0,1.0,3.0,93.0,10.0,1.0,-73.17,1.0,89.66
Seaford,3198,Frankston,4.0,9.0,8.0,6.0,3.0,5.0,2.0,230.0,17.0,1.0,-73.17,1.0,118.38
Eaglehawk,3556,Greater Bendigo,4.0,0.0,0.0,2.0,0.0,0.0,1.0,9.0,3.0,1.0,-73.17,1.0,83.71
Broadmeadows,3047,Hume,19.0,7.0,11.0,20.0,12.0,7.0,8.0,353.0,51.0,5.0,-73.3,1.0,84.62
Footscray,3011,Maribyrnong,12.0,9.0,29.0,108.0,17.0,14.0,9.0,280.0,108.0,3.0,-74.38,1.0,66.0
Geelong,3219,Greater Geelong,13.0,9.0,19.0,10.0,11.0,7.0,8.0,98.0,54.0,3.0,-76.34,1.0,70.0
Ferntree Gully,3156,Knox,9.0,5.0,4.0,5.0,4.0,2.0,0.0,85.0,29.0,2.0,-76.92,1.0,99.56
Prahran,3181,Stonnington,31.0,2.0,9.0,12.0,4.0,1.0,4.0,293.0,46.0,7.0,-77.17,1.0,76.77
Hoppers Crossing,3029,Wyndham,23.0,3.0,2.0,1.0,3.0,12.0,1.0,173.0,35.0,5.0,-77.92,1.0,92.85
Narre Warren South,3805,Casey,5.0,0.0,3.0,3.0,2.0,1.0,0.0,43.0,4.0,1.0,-78.43,1.0,96.71
Dromana,3936,Mornington Peninsula,5.0,1.0,0.0,9.0,1.0,2.0,1.0,43.0,13.0,1.0,-78.43,1.0,116.23
St Kilda,3182,Port Phillip,47.0,25.0,36.0,15.0,10.0,20.0,19.0,435.0,161.0,10.0,-78.56,1.0,69.84
Warragul,3820,Baw Baw,10.0,4.0,8.0,4.0,6.0,1.0,5.0,167.0,17.0,2.0,-79.21,1.0,105.71
Bayswater,3153,Knox,10.0,6.0,4.0,2.0,5.0,0.0,0.0,62.0,18.0,2.0,-79.21,1.0,104.25
Malvern,3144,Stonnington,11.0,0.0,0.0,1.0,2.0,2.0,2.0,23.0,3.0,2.0,-81.08,1.0,63.08
Fitzroy,3065,Yarra,6.0,2.0,0.0,10.0,3.0,21.0,2.0,167.0,35.0,1.0,-81.97,1.0,63.23
Ringwood East,3135,Maroondah,6.0,4.0,4.0,2.0,3.0,3.0,1.0,31.0,2.0,1.0,-81.97,1.0,96.53
Clayton South,3169,Kingston,7.0,5.0,5.0,3.0,1.0,14.0,0.0,49.0,11.0,1.0,-84.51,1.0,97.61
West Melbourne,3003,Melbourne,58.0,5.0,15.0,14.0,10.0,23.0,2.0,282.0,162.0,8.0,-86.06,1.0,28.84
Ringwood,3134,Maroondah,15.0,10.0,12.0,12.0,20.0,39.0,2.0,95.0,36.0,2.0,-86.09,1.0,87.39
Alphington,3078,Darebin,1.0,0.0,0.0,0.0,5.0,0.0,0.0,13.0,9.0,0.0,-90.91,1.0,84.26
Ballarat North,3350,Ballarat,1.0,0.0,0.0,0.0,0.0,0.0,0.0,17.0,0.0,0.0,-90.91,1.0,114.53
Ashburton,3147,Boroondara,1.0,1.0,2.0,1.0,0.0,2.0,0.0,48.0,4.0,0.0,-90.91,1.0,122.5
Longwarry,3816,Baw Baw,1.0,1.0,2.0,0.0,0.0,0.0,0.0,55.0,25.0,0.0,-90.91,1.0,81.35
Maidstone,3012,Maribyrnong,1.0,1.0,1.0,0.0,1.0,0.0,0.0,59.0,5.0,0.0,-90.91,1.0,94.39
Ballan,3342,Moorabool,1.0,3.0,2.0,0.0,0.0,1.0,0.0,4.0,3.0,0.0,-90.91,1.0,87.78
Wheelers Hill,3150,Monash,1.0,1.0,1.0,0.0,0.0,3.0,2.0,67.0,14.0,0.0,-90.91,1.0,97.03
Beaconsfield,3807,Cardinia,1.0,1.0,0.0,2.0,0.0,9.0,1.0,34.0,5.0,0.0,-90.91,1.0,83.14
Lorne,3232,Surf Coast,1.0,1.0,1.0,0.0,0.0,1.0,0.0,20.0,6.0,0.0,-90.91,1.0,72.02
Upwey,3158,Yarra Ranges,1.0,0.0,1.0,2.0,2.0,1.0,1.0,18.0,11.0,0.0,-90.91,1.0,103.53
Bannockburn,3331,Golden Plains,1.0,0.0,0.0,4.0,0.0,0.0,1.0,1.0,0.0,0.0,-90.91,1.0,94.59
Marlo,3888,East Gippsland,1.0,3.0,2.0,2.0,0.0,0.0,6.0,3.0,0.0,0.0,-90.91,1.0,96.61
Vermont,3133,Whitehorse,1.0,2.0,0.0,1.0,0.0,1.0,0.0,15.0,3.0,0.0,-90.91,1.0,105.74
Blackburn North,3130,Whitehorse,1.0,0.0,0.0,0.0,0.0,0.0,0.0,14.0,15.0,0.0,-90.91,1.0,106.72
Maffra,3860,Wellington,1.0,0.0,1.0,0.0,0.0,1.0,0.0,20.0,0.0,0.0,-90.91,1.0,65.5
Lower Plenty,3093,Banyule,1.0,0.0,2.0,0.0,1.0,0.0,0.0,5.0,0.0,0.0,-90.91,1.0,128.95
Whittington,3219,Greater Geelong,1.0,0.0,0.0,0.0,1.0,0.0,1.0,11.0,1.0,0.0,-90.91,1.0,125.1
Yarragon,3823,Baw Baw,1.0,0.0,0.0,0.0,0.0,0.0,3.0,3.0,1.0,0.0,-90.91,1.0,130.62
Armadale,3143,Stonnington,1.0,1.0,0.0,0.0,5.0,5.0,1.0,20.0,5.0,0.0,-90.91,1.0,62.45
Black Hill,3350,Ballarat,1.0,0.0,0.0,0.0,0.0,0.0,0.0,1.0,0.0,0.0,-90.91,1.0,129.28
Langwarrin,3910,Frankston,1.0,0.0,0.0,2.0,1.0,2.0,0.0,83.0,6.0,0.0,-90.91,1.0,123.38
Bridgewater On Loddon,3516,Loddon,1.0,0.0,0.0,0.0,0.0,0.0,0.0,4.0,1.0,0.0,-90.91,1.0,88.89
Lara,3212,Greater Geelong,1.0,0.0,0.0,5.0,3.0,6.0,17.0,67.0,6.0,0.0,-90.91,1.0,118.57
Casterton,3311,Glenelg,1.0,0.0,0.0,0.0,0.0,0.0,0.0,3.0,2.0,0.0,-90.91,1.0,100.0
Brighton East,3187,Bayside,1.0,0.0,0.0,0.0,0.0,0.0,0.0,30.0,19.0,0.0,-90.91,1.0,75.61
Portsea,3944,Mornington Peninsula,12.0,2.0,0.0,3.0,2.0,2.0,0.0,5.0,5.0,1.0,-90.91,1.0,268.2
Corinella,3984,Bass Coast,1.0,0.0,0.0,0.0,0.0,0.0,0.0,1.0,7.0,0.0,-90.91,1.0,351.67
Sassafras,3787,Yarra Ranges,1.0,0.0,0.0,0.0,0.0,0.0,0.0,1.0,1.0,0.0,-90.91,1.0,53.91
Heathmont,3135,Maroondah,1.0,2.0,1.0,0.0,0.0,0.0,5.0,19.0,1.0,0.0,-90.91,1.0,89.73
Creswick,3363,Hepburn,1.0,0.0,0.0,1.0,0.0,0.0,0.0,0.0,3.0,0.0,-90.91,1.0,112.24
Harcourt,3453,Mount Alexander,1.0,1.0,0.0,0.0,0.0,0.0,0.0,6.0,0.0,0.0,-90.91,1.0,99.03
Hampton,3188,Bayside,1.0,1.0,0.0,0.0,4.0,1.0,2.0,26.0,1.0,0.0,-90.91,1.0,59.06
Dalyston,3992,Bass Coast,1.0,0.0,0.0,0.0,0.0,0.0,0.0,0.0,0.0,0.0,-90.91,1.0,131.63
Dandenong North,3175,Greater Dandenong,1.0,0.0,1.0,1.0,1.0,1.0,1.0,133.0,14.0,0.0,-90.91,1.0,92.31
Mulgrave,3170,Monash,1.0,0.0,0.0,0.0,0.0,9.0,2.0,77.0,12.0,0.0,-90.91,1.0,57.14
Leopold,3224,Greater Geelong,1.0,0.0,0.0,0.0,3.0,1.0,8.0,18.0,4.0,0.0,-90.91,1.0,94.44
Ringwood North,3134,Maroondah,1.0,0.0,0.0,0.0,1.0,0.0,0.0,0.0,0.0,0.0,-90.91,1.0,79.08
Research,3095,Nillumbik,1.0,0.0,0.0,0.0,0.0,1.0,0.0,4.0,2.0,0.0,-90.91,1.0,80.02
Doveton,3177,Casey,1.0,2.0,0.0,1.0,0.0,3.0,1.0,90.0,6.0,0.0,-90.91,1.0,106.95
Drouin,3818,Baw Baw,1.0,1.0,1.0,0.0,1.0,1.0,2.0,76.0,10.0,0.0,-90.91,1.0,107.33
Moorabbin,3189,Kingston,1.0,2.0,6.0,3.0,17.0,5.0,8.0,69.0,9.0,0.0,-90.91,1.0,111.88
Gladstone Park,3043,Hume,1.0,4.0,1.0,0.0,0.0,0.0,0.0,31.0,0.0,0.0,-90.91,1.0,89.81
Eagle Point,3878,East Gippsland,1.0,0.0,0.0,0.0,1.0,0.0,0.0,1.0,1.0,0.0,-90.91,1.0,85.9
New Gisborne,3438,Macedon Ranges,1.0,0.0,0.0,0.0,0.0,0.0,0.0,0.0,4.0,0.0,-90.91,1.0,64.0
Newborough,3825,Latrobe,1.0,2.0,3.0,0.0,1.0,2.0,5.0,25.0,5.0,0.0,-90.91,1.0,93.66
East Bendigo,3550,Greater Bendigo,1.0,0.0,1.0,0.0,1.0,1.0,0.0,3.0,0.0,0.0,-90.91,1.0,75.96
Geelong West,3218,Greater Geelong,1.0,1.0,0.0,0.0,0.0,1.0,1.0,29.0,10.0,0.0,-90.91,1.0,150.0
Paynesville,3880,East Gippsland,1.0,1.0,0.0,0.0,0.0,1.0,1.0,3.0,19.0,0.0,-90.91,1.0,92.58
Patterson Lakes,3197,Kingston,1.0,2.0,0.0,2.0,1.0,0.0,0.0,54.0,2.0,0.0,-90.91,1.0,99.61
Elwood,3184,Port Phillip,1.0,1.0,1.0,0.0,6.0,3.0,0.0,76.0,14.0,0.0,-90.91,1.0,73.33
Ouyen,3490,Mildura,1.0,0.0,0.0,2.0,0.0,0.0,0.0,10.0,10.0,0.0,-90.91,1.0,80.0
Orbost,3888,East Gippsland,1.0,7.0,4.0,2.0,1.0,1.0,1.0,0.0,12.0,0.0,-90.91,1.0,101.92
Niddrie,3042,Moonee Valley,1.0,1.0,1.0,0.0,0.0,0.0,0.0,19.0,3.0,0.0,-90.91,1.0,42.14
Flora Hill,3550,Greater Bendigo,1.0,2.0,0.0,1.0,0.0,0.0,1.0,8.0,0.0,0.0,-90.91,1.0,77.42
Sebastopol,3356,Ballarat,1.0,1.0,2.0,2.0,2.0,3.0,0.0,28.0,18.0,0.0,-90.91,1.0,88.84
Rockbank,3335,Melton,1.0,0.0,0.0,0.0,0.0,1.0,0.0,7.0,0.0,0.0,-90.91,1.0,94.98
Irymple,3498,Mildura,1.0,1.0,0.0,1.0,1.0,2.0,3.0,3.0,27.0,0.0,-90.91,1.0,109.27
Tatura,3616,Greater Shepparton,1.0,1.0,0.0,0.0,0.0,4.0,0.0,7.0,1.0,0.0,-90.91,1.0,67.39
Templestowe Lower,3107,Manningham,1.0,0.0,2.0,1.0,0.0,2.0,1.0,20.0,6.0,0.0,-90.91,1.0,116.53
Mont Albert,3127,Whitehorse,1.0,0.0,1.0,0.0,0.0,1.0,0.0,20.0,3.0,0.0,-90.91,1.0,103.27
Strathmore,3041,Moonee Valley,1.0,0.0,0.0,0.0,1.0,0.0,0.0,22.0,7.0,0.0,-90.91,1.0,62.24
Kalorama,3766,Yarra Ranges,1.0,0.0,0.0,0.0,1.0,0.0,1.0,25.0,1.0,0.0,-90.91,1.0,154.46
Charlton,3525,Buloke,1.0,0.0,0.0,0.0,3.0,0.0,0.0,0.0,0.0,0.0,-90.91,1.0,125.0
Surrey Hills,3127,Boroondara,1.0,0.0,1.0,0.0,1.0,0.0,0.0,20.0,9.0,0.0,-90.91,1.0,62.96
Merbein,3505,Mildura,1.0,1.0,0.0,1.0,1.0,0.0,0.0,1.0,4.0,0.0,-90.91,1.0,110.32
Bunyip,3815,Cardinia,1.0,2.0,0.0,0.0,0.0,0.0,1.0,3.0,5.0,0.0,-90.91,1.0,125.56
Springvale South,3172,Greater Dandenong,1.0,0.0,0.0,0.0,0.0,1.0,0.0,41.0,5.0,0.0,-90.91,1.0,86.05
Forest Hill,3131,Whitehorse,1.0,1.0,0.0,0.0,4.0,4.0,2.0,24.0,0.0,0.0,-90.91,1.0,91.39
Colac,3250,Colac-Otway,26.0,14.0,5.0,6.0,1.0,2.0,0.0,61.0,45.0,2.0,-91.95,1.0,128.48
Meredith,3333,Golden Plains,2.0,0.0,0.0,1.0,0.0,0.0,0.0,0.0,0.0,0.0,-95.24,1.0,84.14
Donvale,3111,Manningham,2.0,0.0,2.0,0.0,0.0,0.0,0.0,3.0,4.0,0.0,-95.24,1.0,79.32
Loch Sport,3851,Wellington,2.0,1.0,0.0,1.0,0.0,0.0,3.0,3.0,1.0,0.0,-95.24,1.0,151.51
Buninyong,3357,Ballarat,2.0,0.0,0.0,0.0,0.0,0.0,1.0,10.0,7.0,0.0,-95.24,1.0,115.52
Albert Park,3206,Port Phillip,2.0,0.0,4.0,0.0,1.0,0.0,0.0,72.0,7.0,0.0,-95.24,1.0,52.65
Albanvale,3021,Brimbank,2.0,0.0,0.0,0.0,0.0,2.0,1.0,25.0,9.0,0.0,-95.24,1.0,93.29
Nhill,3418,Hindmarsh,2.0,0.0,0.0,0.0,1.0,0.0,0.0,8.0,1.0,0.0,-95.24,1.0,55.45
Ocean Grove,3226,Greater Geelong,2.0,1.0,1.0,0.0,0.0,1.0,0.0,9.0,9.0,0.0,-95.24,1.0,145.1
Broadford,3658,Mitchell,2.0,2.0,2.0,1.0,0.0,0.0,1.0,46.0,6.0,0.0,-95.24,1.0,104.12
Alexandra,3714,Murrindindi,2.0,0.0,1.0,1.0,0.0,2.0,0.0,18.0,0.0,0.0,-95.24,1.0,108.81
Avoca,3467,Pyrenees,2.0,0.0,1.0,2.0,0.0,0.0,1.0,2.0,3.0,0.0,-95.24,1.0,105.48
Hadfield,3046,Merri-bek,2.0,1.0,0.0,1.0,0.0,0.0,0.0,29.0,3.0,0.0,-95.24,1.0,99.35
West Wodonga,3690,Wodonga,2.0,8.0,2.0,0.0,1.0,2.0,0.0,67.0,17.0,0.0,-95.24,1.0,74.31
Glen Iris,3146,Boroondara,2.0,1.0,1.0,0.0,3.0,0.0,3.0,74.0,6.0,0.0,-95.24,1.0,64.12
Chirnside Park,3116,Yarra Ranges,2.0,2.0,1.0,0.0,1.0,8.0,1.0,32.0,10.0,0.0,-95.24,1.0,111.11
Bentleigh,3204,Glen Eira,2.0,3.0,0.0,3.0,5.0,0.0,3.0,82.0,18.0,0.0,-95.24,1.0,86.67
Keilor,3036,Brimbank,2.0,0.0,0.0,1.0,0.0,0.0,0.0,16.0,3.0,0.0,-95.24,1.0,66.46
Macedon,3440,Macedon Ranges,2.0,2.0,0.0,3.0,0.0,0.0,0.0,27.0,22.0,0.0,-95.24,1.0,93.88
Wendouree,3350,Ballarat,2.0,2.0,3.0,0.0,0.0,3.0,1.0,43.0,14.0,0.0,-95.24,1.0,103.7
Abbotsford,3067,Yarra,102.0,0.0,1.0,0.0,0.0,2.0,3.0,129.0,31.0,4.0,-95.98,1.0,91.48
Yackandandah,3749,Indigo,3.0,1.0,0.0,0.0,1.0,0.0,0.0,0.0,0.0,0.0,-96.77,1.0,138.17
Spotswood,3015,Hobsons Bay,3.0,0.0,2.0,0.0,2.0,6.0,2.0,5.0,12.0,0.0,-96.77,1.0,102.94
Coleraine,3315,Southern Grampians,3.0,9.0,0.0,0.0,0.0,0.0,0.0,3.0,0.0,0.0,-96.77,1.0,153.39
Gembrook,3783,Cardinia,3.0,1.0,0.0,2.0,1.0,3.0,3.0,7.0,0.0,0.0,-96.77,1.0,138.37
Flemington,3031,Moonee Valley,3.0,2.0,1.0,4.0,6.0,9.0,1.0,93.0,35.0,0.0,-96.77,1.0,94.43
Riddells Creek,3431,Macedon Ranges,3.0,1.0,0.0,0.0,0.0,0.0,1.0,10.0,6.0,0.0,-96.77,1.0,113.89
Burnley,3121,Yarra,3.0,1.0,0.0,1.0,0.0,1.0,0.0,42.0,8.0,0.0,-96.77,1.0,121.29
Port Albert,3971,Wellington,3.0,0.0,0.0,1.0,0.0,0.0,0.0,0.0,2.0,0.0,-96.77,1.0,99.43
Kilmore,3764,Mitchell,3.0,1.0,3.0,0.0,3.0,8.0,36.0,28.0,6.0,0.0,-96.77,1.0,88.4
Warracknabeal,3393,Yarriambiack,3.0,1.0,1.0,0.0,2.0,2.0,1.0,17.0,5.0,0.0,-96.77,1.0,99.53
Glen Huntly,3163,Glen Eira,3.0,3.0,4.0,3.0,6.0,6.0,3.0,24.0,1.0,0.0,-96.77,1.0,-15.7
Kings Park,3021,Brimbank,4.0,1.0,1.0,0.0,0.0,0.0,0.0,163.0,7.0,0.0,-97.56,1.0,106.35
Ascot Vale,3032,Moonee Valley,4.0,4.0,1.0,4.0,0.0,8.0,2.0,134.0,18.0,0.0,-97.56,1.0,72.79
Goughs Bay,3723,Mansfield,4.0,1.0,1.0,0.0,2.0,0.0,1.0,5.0,0.0,0.0,-97.56,1.0,173.79
California Gully,3556,Greater Bendigo,4.0,2.0,1.0,1.0,1.0,0.0,0.0,3.0,1.0,0.0,-97.56,1.0,73.47
Caulfield,3162,Glen Eira,4.0,3.0,0.0,0.0,0.0,0.0,0.0,31.0,9.0,0.0,-97.56,1.0,61.19
Maryborough,3465,Central Goldfields,4.0,1.0,2.0,1.0,0.0,4.0,16.0,31.0,28.0,0.0,-97.56,1.0,101.03
Mitcham,3132,Whitehorse,5.0,4.0,1.0,4.0,8.0,1.0,1.0,28.0,4.0,0.0,-98.04,1.0,86.92
Caulfield South,3162,Glen Eira,6.0,3.0,1.0,0.0,1.0,0.0,0.0,27.0,1.0,0.0,-98.36,1.0,71.43
Endeavour Hills,3802,Casey,6.0,2.0,1.0,0.0,1.0,0.0,0.0,46.0,18.0,0.0,-98.36,1.0,102.5
South Yarra,3141,Stonnington,6.0,12.0,3.0,3.0,6.0,4.0,8.0,306.0,83.0,0.0,-98.36,1.0,22.0
Torquay,3228,Surf Coast,8.0,1.0,1.0,0.0,0.0,1.0,1.0,15.0,13.0,0.0,-98.77,1.0,126.72
